ResourceID,Anglicized name,Identification Number,Name in Devanagari,Name in Roman (with diacritical marks)
00fd72ab-5246-418e-b001-825a2f227a57,Pakah Phalcha,LAL4318,पाकः फल्चा ।। LAL4318,Pākaḥ Phalcā
01610bbc-5297-47cf-9164-9fa4f72a15a8,Matakhya Sikharakut Chaitya ,KIR0013, मातख्य: शिखरकूट चैत्य ll KIR0013 ,Mātakhyaḥ Śikharakūṭa Caitya (probably built in 1746 CE)
017a4a8f-b183-4e57-9ff9-54ae1145378f,,LAL1870,उमामहेश्वर मन्दिर ।। LAL1870,Umāmaheśvara Mandira
01c33990-cd66-4e1e-8d92-e3fb8e2ab5ee,Narayan Mandir,LAL2500,नारायण मन्दिर ।। LAL2500,Nārāyaṇa Mandira (believed to built during the Licchavi Period)
01c33990-cd66-4e1e-8d92-e3fb8e2ab5ee,,P-250,,
01de2008-1b9b-41d9-821a-b1eb6693db80,Lavahala Phalcha,LAL4128,ल्वहंलँ फल्चा || LAL4128,Lvahãlã Phalcā (1795 CE)
01ee9fc5-6bbb-4896-bd83-9e5b60cee96e,Tukam Bahah,KAT0820,तुकं बाहाः चैत्य ।। KAT0820,Tukaṃ Bāhāḥ Caitya (built sometime from 3rd-9th cent.)
02509f50-336d-423f-ac40-60dffc2d905c,Bhindya Baha,LAL1880,भिन्द्यः बाहाः || LAL1880,Bhindyaḥ Bāhāḥ (constructed in 1715 CE)
02b1eaa8-e6a5-11e9-8bc4-0242ac130002,Narayan,LAL1420,नारायण मन्दिर || LAL1420,Nārāyaṇa Mandira at Kulimā (ca. 19th century CE)
03ab0902-61c8-4458-8eee-f23e345d9372,Neuta Phalcha,LAL4127,नेउत फल्चा ll LAL4127,Neuta Phalcā
04131d60-5463-4795-b4ae-f16ccdeb0d7b,,,,
0426294d-ffe2-4142-b167-1e17296e6a21,,,BKT0061,Hariśaṅkara Mandira
04552c7a-8f05-424d-8cf2-e06081500a78,,,,
049dc399-08e2-47c4-85b9-e66851694e69,Vasu Baha,LAL2400,वसु बाहा: ।। LAL2400,Vasu Bāhāḥ (built around 1938 CE)
049dc399-08e2-47c4-85b9-e66851694e69,,P-240,,
04e62546-0b04-41d7-9651-12189c45e5c6,Sankata Ilanani,LAL1090,संङ्कटा इलाननि ।। LAL1090,Saṅkaṭā Ilānani
054498ec-d633-11e9-beea-0242ac140006,Micchu Baha,LAL1100,मिच्छु बाहाः |*| LAL1100,Micchu Bāhāḥ  (built before 1661 CE) 
05e2a35c-e8d5-11e9-8bc4-0242ac130002,Nrityesvara,LAL0910,नृत्येश्वर || LAL0910,Nṛtyeśvara Mandira (1829 CE)
0687a32c-e7e8-11e9-8bc4-0242ac130002,Nuga Phalca,LAL4054,नुगः फल्चा ३ || LAL4045,Nugaḥ Phalcā 3
068cb560-e748-11e9-b125-0242ac130002,Thyaka Baha,LAL0901,थ्याका बाहाः || LAL0901,Thyākā Bāhāḥ (1895 CE)
06a4360c-e5ec-11e9-b125-0242ac130002,Dupat Chapa,LAL4076,दुपाः चपाः || LAL4076,Dupāt Capāḥ (1670 CE)
06d2c415-2c7e-4d6f-9617-2b1eb6ab8c4a,Bhimsen Mandir,KAT0920 ,भीमसेन मन्दिर || KAT0920 ,Bhīmasena Mandira (built in 1564 CE)
0706813a-e81d-11e9-8bc4-0242ac130002,Bhelachhen Phalcha,LAL4146,भेलाछेँ फल्चा || LAL4146,Bhelāchẽ Phalcā (1823 CE)
0826cd5e-f3e4-11e9-a3c8-0242ac130002,Jena Baha,LAL0260,जेन बाहा: |*| LAL0260,Jena Bāhāḥ (ca. 15th cent. CE)
08473132-9181-44fe-8412-4d89e5dd27e4,Uttarganga Pillar,SRK0041,उत्तरगङ्गा खम्ब || SRK0041,Uttaragaṅgā Pillar
09670bee-ec13-11e9-b125-0242ac130002,Ubaha Bahi,LAL2280,उबाहा: बही || LAL2280,Ubāhāḥ Bahī (before 1391 CE)
099d312a-d5a9-40b1-9144-91b28545912d,Koligaon Fountain,KLK0180,कोलिगाँउ दर || KLK0180,Koligāũ Fountain
09adaf39-4932-4356-b6d1-3cce3af16e82,Bhurti Ekledevala 2,DLK0011,भुर्टी एक्लेडेवल २ || DLK0011,Bhurtī Ekledevala 2
09cff614-e084-49eb-9fd7-7e4eb20cd37d,Vira Vinayaka,BAL0006,वीर विनायक मन्दिर ll BAL0006,VĪra Vināyaka Mandira (late 19th cent.)
0a5850e6-17f9-11ea-b9b1-0242ac130002,Hiti (Stepwell),BUN0007,हिति || BUN0007,Hiti
0aa65aef-7a50-4942-9e17-f6e077dbb14a,Kalika Malika Mandira,MUG0010,कालिका मालिका मन्दिर || MUG0010,Kālikā Mālikā Mandira (built between thirteenth and fifteenth century)
0b26d633-56f8-4872-859c-76d7f7c0677d,Unacha Bhajubal Bahah,LAL0861,उनच भाजुबल बाहा: ।। LAL0861,Unaca Bhājubala Bāhāḥ
0b6871b6-44e1-45f4-9074-005d6e68a28e,Arithay Inay Phalca,KIR4021,आरीथाय् इनाय् फल्चा ll KIR4021 ,Ārīthāy Ināy Phalcā (1819 CE)
0b875a50-e754-11e9-b125-0242ac130002,Shankhadhar Bahal,LAL1700,शंखधर बाहा: || LAL1700,Śaṅkhadhara Bāhāḥ (1868 CE)
0bb01539-043b-4538-a59f-132ef7bd578d,Lekhgaun Pillar,SRK0070,लेखगाउँ खम्बा || SRK0070,Lekhagāũ Pillar (~13th-15th cen.)
0be328fe-020b-11ea-a389-0242ac130002,Dampache Phalca,SUN4011,दम्पाछेँ फल्चा || SUN4011,Dampāchẽ Phalcā 
0c6b269c-e676-11e9-8bc4-0242ac130002,Manimandapa,LAL1361,मणिमण्डप || LAL1361,"Maṇimaṇḍapa, North (renovated 1701 CE)"
0cb251ee-3005-42d3-bc37-fe6cfbb30747,Iche Sikharkuta Caitya ,KIR0072,इछेँ शिखरकूट चैत्य ll KIR0072,Ichẽ Śikharakūṭa Caitya (built in 1698 CE)
0cbfabb8-e699-11e9-b125-0242ac130002,Nhaykan Bahi,LAL0140,न्हाय्‌कं बही || LAL0140,Nhāykã Bahī at Mahāpāla (circa early 16th cent. CE)
0d3c9626-fa37-11e9-8649-0242ac130002,Naka Bahi Phalcha 3,LAL4208,नक बही फल्चा ३ || LAL4208,Naka Bahī Phalcā 3 
0d480c66-3e6d-11ea-b44d-0242ac130006,Pulchok Lohahiti,LAL0570,पुल्चोक लोहंहिति ||  LAL0570,Pulcoka Lohãhiti
0d6f474f-c0fe-456c-8b09-c85c8f15ed9f,Tamkadya Phalca ,LAL4313,तम्क:द्य: फल्चा || LAL4313,Tamkaḥdyaḥ Phalcā
0fb3ffc0-395f-42e9-bece-bba42a1c530b,Tara Nani,KAT1230 ,तारा ननि  || KAT1230 ,Tārā Nani (ca. 1382 CE)
109ab54a-e9a3-11e9-8bc4-0242ac130002,Pinche Phalca,LAL4005,पिन्छेँ फल्चा २ |*| LAL4005,Pinchẽ Phalcā 2 (ca. late 17th cent. CE)
10afc076-5274-4ad9-9023-94b8c25893aa,Kuladeep Baha,KAT2610,कुलदीप बाहा: || KAT2610,Kuladīpā Bāhāḥ
1165bb2e-eb1e-11e9-8bc4-0242ac130002,    Lagankhel Phalca,DANAM LAL4300,लगनखेल फल्चा || LAL4300,    Laganakhela Phalcā
1176053e-eb54-11e9-8bc4-0242ac130002,Bhindyalachi Phalcha,LAL4135,भिन्द्यःलाछि फल्चा |*| LAL4135,Bhindyaḥlāchi Phalcā (ca. 1880 CE)
125af64f-e4b8-47ef-92ed-3e19c7052d70,Vatsala Mandira,BKT0093,वत्सला मन्दिर ll BKT0093 ll,Vatsalā Mandira
1279d314-220a-4acb-9622-67d050fc75db,Bhurtī Dhara,DLK0019,भुर्ती धारा || DLK0019,Bhurtī Dhārā (from approximately 13th-15th cent.)
12c555ec-ea9c-11e9-8bc4-0242ac130002,Dhama Phalca,LAL4306,धःमा फल्चा || LAL4306,Dhaḥmā Phalcā
12d828f2-e4f7-11e9-8bc4-0242ac130002,Mahadyah Nani Agama,LAL0340,महाद्यः ननि आगम |*| LAL0340,Māhādyaḥ Nani Āgama
12e25456-4bce-11ea-91df-0242ac130006,Puchva Chvaya Bahi,LAL0640,पूच्व च्वय बही || LAL0640,Pūcva Cvaya Bahī (before 1253 CE)
12f3faf5-d915-4a52-a73d-f19bd71e411a,Ganesh Mandir,KIR0034,गणेश मन्दिर||KIR0034,Gaṇeśa Mandira (reconstructed in 2000 CE in its present look)
138e0452-8e6c-4b68-8410-b5263da353a8,Latikoili Temple,SRK0030,लाटीकोइली मन्डिर || SRK0030,Lāṭīkoilī Temple (16th cent. CE)
1394f154-e70c-4fba-94b6-ef62156047ab,Harishanker Temple, LAL1150,हरिशङ्कर मन्दिर ll LAL1150,Hariśaṅkara Mandira
13b0e238-70ba-11ea-b99f-0242ac130006,Mahalakshmi Mandira,LAL0020,महालक्ष्मी मन्दिर || LAL0020,Mahālakṣmī Mandira (1701 CE)
13b406e0-8594-4cf7-8592-4e7d82bb4ce6,Cvay Baha,KIR0011,च्वय् बाहा: ll KIR0011,Cvay Bāhāḥ (probably built in 1642 CE)
1414a11c-d6a1-46df-9667-8793239be9dd,Basantapur Dui Deval,KLK0120,बसन्तपुर दुई देवल|| KLK0120,Basantapura Duī Devala
141efef8-74ca-11ea-b4b6-0242ac130006,,LAL4201,तापा हिति सत: || LAL4201,Tāpā Hiti Sataḥ
143332de-342b-4f52-92ac-dd1b5accd1ea,Jaharkota devaldhara,DLK0100,जाहारकोट देवलधारा || DLK0100,Jāhārkoṭa Devaldhārā (built between the 2nd half of the 14th cent. and the 15th cent.)
143b3eaf-9561-4dbe-8f57-5b84756b8865,Yatkha Baha,KAT1050,यत्खा बाहा: || KAT1050,Yatkhā Bāhāḥ
147f9da8-5a54-438d-b51e-1d473f23b374,Chaturbramha Mahavihar,BKT0400,चतुर्ब्रह्म महाविहार || BKT0400,Caturbrahma Mahāvihāra
14b65b9e-1869-4c2a-b0d4-d013efe48da0,Lukhusi Sarasvati Phalcha,LAL4085,लुँखुसि सरस्वती फल्चा || LAL4085,Lũkhusi Sarasvatī Phalcā
14cbeef4-f646-11e9-a3c8-0242ac130002,Kinu Bahi,LAL0070,किनू बही |*| LAL0070,Kinū Bahī (before 1418 CE)
15217304-e6a8-11e9-b125-0242ac130002,Kopeshwar Temple,LAL1381,कोपेश्वर मन्दिर || LAL1381,Kopeśvara Mandira (repaired 1893 CE)
154297b7-c1ca-4eca-813e-774c28a7f805,Vajra Ganesh,BAL0004,वज्र गणेश ll BAL0004 ll,Vajra Gaṇeśa
15613d2a-e91b-11e9-b125-0242ac130002,None,LAL1741,ओम् बाहा: दुने ननि || LAL1741,Om Bāhāḥ Dune Nani (18th cent.?)
15a0ed8d-f812-482f-98fc-a61b6704b12f,Nasadyah Mandir,LAL0992,नास:द्य: मन्दिर || LAL0992,Nāsaḥdyaḥ Mandira
15acbf64-e9a4-11e9-b125-0242ac130002,Krishna Temple,LAL0172,कृष्ण मन्दिर |*| LAL0172,Kṛṣṇa Mandira at Dau Bāhāḥ
15d6cfa0-0cb8-4616-8eed-9219ddbb76e3,Nugah Satah 1,LAL4043,नुग: सत: १ ||LAL4043,Nugaḥ Sataḥ 1
160dcc4f-6d81-421d-9eda-0fb8d248513c,Amrit Hiti,LAL0993,अमृत हिति || LAL0993,Amṛta Hiti
16f8b0dc-e9b1-11e9-8bc4-0242ac130002,Digutale,LAL1300,देगुतले || LAL1300,Degutale (ca. 1584 CE)
170a68d0-e68d-11e9-b125-0242ac130002,Umamaheshwor Temple,LAL2750,उमामहेश्वर मन्दिर || LAL2750,Umāmaheśvara Mandira at Cāka Bāhāḥ
1724e57b-b911-48c1-ab87-68c43a852a64,,LAL4047,पंमाय् गुथिछेँ ||LAL4047,Pãmāe Guthichẽ
1772bbc6-e73f-11e9-8bc4-0242ac130002,Kayegu Nani,LAL0240,कायेगु ननि || LAL0240,Kāyegu Nani
178fd214-e67d-11e9-8bc4-0242ac130002,Si Baha,LAL0690,सि बाहा: || LAL0690,Si Bāhāḥ (mid-14th cent. CE)
1798db32-ecce-11e9-8bc4-0242ac130002,Jotha Baha,LAL2570,जोथा बाहा: || LAL2570,Jothā Bāhāḥ
18f9e792-3138-11ea-b242-0242ac130002,Khvaya Bahi Chidhangu,LAL0541,ख्वाय बही चिधङ्गु  || LAL0541,Khvāya Bahī Cidhaṅgu (reconstructed in 1993 CE)
1914bb16-0362-11ea-a389-0242ac130002,Pukhula Phalca ,LAL4218,पुखुल फल्चा || LAL4218,Pukhula Phalcā
1a039922-09eb-11ea-8a1c-0242ac130002,Sarasvati Falca,LAL4174,सरस्वती फल्चा || LAL4174,Sarasvatī Phalcā (ca. early 17th-century)
1a0a8ea8-eff1-11e9-a3c8-0242ac130002,Dhvakha Phalcha,BUN4006,ध्वाखा फल्चा ||  BUN4006,Dhvākhā Phalcā (renovated in 1698 CE) 
1a16c05c-ee04-4441-a90c-a9177408fb98,Sanjyalbada Devala,SIJ0340,सन्ज्यल्बाडा डेवल || SIJ0340,Sanjyalbādā Devala
1a1afb9a-78da-11ea-a71c-0242ac130006,Taleju Temple South,LAL1271,तलेजु मन्दिर दक्षिण||  LAL1271,Taleju Mandira South (17th cent.)
1a5335da-e755-11e9-b125-0242ac130002,Taleju Temple,LAL127,तलेजु मन्दिर || LAL1270,Taleju Mandira (1620 CE)
1a7f3f24-ec12-11e9-8bc4-0242ac130002,Oku Baha,LAL2260,ओकु बाहा: ॥ LAL2260,Oku Bāhāḥ (1114 CE)
1aadfb0c-34ff-4498-897c-8fe5259f197d,Tatopani pillar,JUM0140,तातोपानी स्तम्भ || JUM0140,Tātopānī pillar
1b0a5033-a1ca-4049-8d6f-d1c7b243eabe,Layaku Phalca ,BKT0094,लाय्‌कू फल्चा ||BKT0094,Lāykū Phalcā
1b800023-3ea3-48df-b4ac-c2fae7966360,Bhurti Ekledevala 3,DLK0018,भुर्ती एक्ले देवल ३ || DLK0018,Bhurtī Ekle Devala 3 (built between the 13th-15th cent.)
1c2db54a-e68f-11e9-b125-0242ac130002,Tati Bungadya Sattal,LAL4106,थति बुङ्गद्यः सतः || LAL4106,Thati Buṅgadyaḥ Sataḥ
1cfe28d3-c6cb-4d26-8f94-f3e189e7a502,,SOL0120,जुनबेँसीमा रहेको विशाल घर || SOL0120,Junbesi Manor
1d95833c-6cbe-4f96-be3c-fad253fe5f27,Bhurti group of three śikharas,DLK0014,भुर्टी तिन् डेवल्हरु || DLK0014,Bhurtī group of three śikharas (13th-15th cent.)
1dd2eee2-de1b-48ee-948f-2b2e337b8188,Ajayamerukota Fortress,DDL0180,DDL0180,Ajayamerukoṭa Fortress (late 14th cent.)
1e2335a0-f62a-11e9-a3c8-0242ac130002,Agnimath,LAL0280,अग्निमठ |*| LAL0280,Agnimaṭha (before 1403 CE)
1e4bfd8c-dc8a-11e9-81a8-0242ac140006,Shvetabhairav Temple,LAL0100,श्वेतभैरव || LAL0100,Śvetabhairava Mandira (1727 CE)
1fd94780-2644-42d6-bae5-74e6bdfa2abc,Alko Ganesh Temple,LAL0991,आल्को गणेश मन्दिर || LAL0991,Ālko Gaṇeśa Mandira (built in 1704 CE)
204170f8-e23a-4811-a8c3-aa77b9a792c6,Mahalaksmi Mandira,BAL0001,महालक्ष्मी मन्दिर ll BAL0001 ll,Mahālakṣmī Mandira
2070b496-e729-11e9-8bc4-0242ac130002,Hauga Ganedya Phalcha,LAL4122,हौगः गनेद्यः फल्चा || LAL4122,Haugaḥ Ganedyaḥ Phalcā (ca. mid-17th century CE)
20787244-8ee5-11ea-bd59-0242ac130005,Ana Bahal,LAL0980,आन बाहा: || LAL0980,Āna Bāhāḥ (1678 CE)
20787244-8ee5-11ea-bd59-0242ac130005,,Pruscha P-98,,
20b9cf3e-f33e-11e9-a3c8-0242ac130002,Punyachandra Baha,LAL1940,पुण्यचन्द्र बाहा: || LAL1940,Puṇyacandra Bāhāḥ (1942 CE)
20ef6cd9-f40f-4799-8101-a9b7b824d039,Lvaha Hiti ,LAL2830,ल्वहँ हिति||LAL2830,Lvahã Hiti
20ef6cd9-f40f-4799-8101-a9b7b824d039,,P-283,,
217154c2-e99f-11e9-b125-0242ac130002,Yampi Mahavihara,LAL1550,यम्पि महाविहार  || LAL1550,Yampi Mahāvihāra (8th cent. CE)
21b56e2d-d3ff-4ce6-94cc-d5b85fb8a31e,Nasah Che,BAL0002,नासः छेँ ll BAL0002 ll,Nāsaḥ Chẽ
21c324c0-e763-11e9-8bc4-0242ac130002,Dhana Baha,LAL2390,धन बाहा: || LAL2390,Dhana Bāhāḥ (1845 CE)
222a5a4a-e1ef-4af0-afc9-bae7bd03d3ce,Shakyamuni Buddha Shrine,BAL0008,शाक्यमुनि बुद्ध ll BAL0008 ll,Śākyamuni Buddha Shrine (consecrated in 1957 CE)
224ae916-e8e2-11e9-8bc4-0242ac130002,Cibaha Nani,LAL1730,ची बाहाः ननि || LAL1730,Cī Bāhāḥ Nani (ca. 17th cent. CE)
2284154e-efcf-11e9-8649-0242ac130002,Palu Baha,LAL2450,पालु बाहा: || LAL2450,Pālu Bāhāḥ (1633 CE)
2289d7b8-8b5f-438d-b783-0a0ded2f7ba6,Na Baha Nani,LAL0520,न: बाहा: ननि।। LAL0520,Naḥ Bāhāḥ Nani
2289d7b8-8b5f-438d-b783-0a0ded2f7ba6,,P-52,,
2298db0e-2225-11ea-b9b1-0242ac130002,Ganesh Phalcha 1,SUN4240,गणेश फल्चा १ || SUN4240,Gaṇeśa Phalcā 1
229c34d8-428d-11ea-b44d-0242ac130006,Licchavi Caitya,BUN0008,लिच्छवि चैत्य || BUN0008,Licchavi Caitya 
229dc17a-452d-4986-bf4a-4e56326009f8,Sidhilaxmi Mandir,BKT0110,सिद्धिलक्ष्मि मन्दिर ||BKT0110,Siddhilakṣmī Mandira (early 18th cent.)
2306e890-198f-11ea-b74e-0242ac130002,Manakamana Temple,BUN0006,मनकामना मन्दिर || BUN0006,Manakāmanā Mandira at Mū Nani (before 1667 CE)
234a903c-e5e0-11e9-b125-0242ac130002,Bhagawati Temple ,LAL1610,भगवती मन्दिर || LAL1610,Bhagavatī Mandira
238d55d1-f5f6-43c4-841f-2fbd871d60f4,Tanga Buina Ganedya Sata,LAL4104,तङ्गः बुइना गनेद्य: सत:||LAl4104,Taṅgaḥ Buinā Ganedyaḥ Sataḥ
23bdf498-e692-11e9-b125-0242ac130002,Gyanakirti Vihara,LAL2100,पिलाछेँ त:धं बाहा: || LAL2100,Pilāchẽ Taḥdhaṃ Bāhāḥ (1930s CE)
23d40c88-efc0-4f8d-bb17-a50f831912f3,Mahadya Dega,KIR0066,महाद्य: देग: ll KIR0066,Mahādyaḥ Degaḥ (built around seventeenth and eighteenth century)
23d6e0b6-7f2d-44db-a22e-913a500a756a,Ganesha Mandira,LAL0650,गणेश मन्दिर ll LAL0650,Gaṇeśa Mandira (built before 1683 CE)	 
244754e0-fa2e-11e9-8649-0242ac130002,Ganesh Phalcha,LAL4207,"गणेश पाटी, नक बही  || LAL4207",Gaṇeśa Phalcā
24779526-7b25-4512-ac56-5d503d43020a,Hata Gaon,DDL0030,हाट गाउँ || DDL0030,Hāṭa Gāũ (c. 14th-15th cent.)
24afe176-f66a-11e9-a3c8-0242ac130002,Karunamaya Temple/Matsyendranath Temple,BUN0001,करुणामय मन्दिर || BUN0001,Karuṇāmaya Mandira (rebuilt ca. 1835 CE)
2502d305-75a5-4779-b795-791971a8d437,Jaharkota stone memorial pillars,DLK0110,जाहारकोट  पाषाण स्मृतिस्तम्भहरू || DLK0110,Jāhārkoṭa stone memorial pillars (erected in ca. 13th-14th cent.)
2507d356-5fc2-11ea-8083-0242ac130006,Dharmadhatu Mandala,BUN0015,धर्मधातु मण्डल || BUN0015,Dharmadhātu Maṇḍala (1964 CE) 
2548d9e2-ea78-11e9-b125-0242ac130002,Lamana Phalcha,LAL4138,लामनः फल्चा || LAL4138,Lāmanaḥ Phalcā
254b0d1c-e68a-11e9-8bc4-0242ac130002,Chvasa Phalca,LAL4008,छ्वास फल्चा || LAL4008,Chvāsa Phalcā
256339d6-e9d3-11e9-8bc4-0242ac130002,Harishankara Temple,LAL1280,हरिशङ्कर मन्दिर || LAL1280,Hariśaṅkara Mandira (1706 CE)
25c65422-6b9b-11ea-8083-0242ac130006,Khadgayogini,LAL0630,खङ्गयोगिनी ।। LAL0630,Khaḍgayoginī
25c65422-6b9b-11ea-8083-0242ac130006,,Pruscha P-63,,
25ef2d16-a10b-4081-bba3-7f4639646edb,Arithay Dhvakha Phalca,KIR4020,आरीथाय् ध्वाखा फल्चा ||KIR4020,Ārīthāy Dhvākhā Phalcā 
26404afc-cb0a-11e9-b993-0242ac140002,Dvarika Baha,LAL1111,द्वारिका बाहा: |*| LAL1111,Dvārikā Bāhāḥ
265a30ab-5d14-4b23-823d-171e8ecfedc0,Bhurti Duidevala,DLK0017,भुर्ती दुईदेवल || DK0017,Bhurtī Duīdevala (built between the 13th-15th cent.)
26daa57e-e6ae-11e9-8bc4-0242ac130002,God house at the Ashoka Stupa North,LAL1481,"दिगिछें, ई बही || LAL1481",Digichẽ  at Ī Bahī (rebuilt in ca. 1936 CE)
26e27d10-f989-11e9-a3c8-0242ac130002,Devajyoti Baha,LAL0451,देवज्योति बाहा: || LAL0451,Devajyoti Bāhāḥ (1889 CE)
27609ec0-8feb-46bf-bde3-4392aa004e9a,Ghata Pillars,MUG0050,घाठखम्बा || MUG0050,Ghāṭa Pillars (approximately fourteenth-fifteenth century)
276619ca-ea4f-11e9-8bc4-0242ac130002,Hitiphusa Baha,LAL2420,हितिफुस बाहा: || LAL2420,Hitiphusa Bāhāḥ (ca. 1658 CE)
2775db1f-e420-45fb-8334-54dee45c5f27,Shiva Temple,KIR0026,शिव मन्दिर ll KIR0026,Śiva Mandira (built in 1660 CE)
27ca1a68-e9ca-11e9-8bc4-0242ac130002,Thalbun Phalcha,LAL4150,थल्बुँ फल्चा || LAL4150,Thalbũ Phalcā (ca. 19th cent. CE)
28e34398-8dda-11ea-8e56-0242ac130005,Puncali Phalca,LAL4231 ,पुन्चलि फल्चा || LAL4231,Puncali Phalcā (before 1819 CE)
28f77756-69bc-11ea-8083-0242ac130006,,LAL4175,अयुगुथि सतः || LAL4175,Ayuguthi Sataḥ (ca. 1700 CE)
2a0b1750-ee3e-11e9-8649-0242ac130002,Kumari Pati,BUN4001,कुमारी पाटी || BUN4001,Kumārī Pāṭī (1724 CE)
2a1ca80c-8b69-43a0-ab19-ac6b126986ee,Baghabhairava Mandira ,KIR0004,बाघभैरव मन्दिर||KIR0004,Bāghabhairava Mandira
2a5c82ae-d073-11e9-8599-0242ac140006,Tanga Phalca,LAL4105,तङ्गः फल्चा ३ || LAL4105,Taṅgaḥ Phalcā 3
2a8e92e4-ffb7-11e9-8f3c-0242ac130002,Lakṣmīnārāyaṇa Satah,LAL4044,लक्ष्मीनारायण सतः || LAL4044,Lakṣmīnārāyaṇa Sataḥ (1700 CE)
2ab99c6c-e69b-11e9-8bc4-0242ac130002,Shamkha Baha Phalca,LAL4141,च्वछेँ सत्तः || LAL4141,Cvachẽ Sattaḥ (1868 CE)
2acb57c3-2a55-442b-bf83-fa397fd60613,Batuk Bhairav,P-284,बटुक भैरव ।। LAL2840,Baṭuka Bhairava (probably built during the Licchavi period)
2acb57c3-2a55-442b-bf83-fa397fd60613,,LAL2840,,
2af20687-0710-4883-a117-f45f941a14ff,Bhuja Phalca,LAL4312,भुजा फल्चा || LAL4312,Bhujā Phalcā (1664 CE)
2bad144c-eaa5-11e9-8bc4-0242ac130002,Patukva Satah,LAL4184,पतुक्वा सतः ३ || LAL4184,Patukvā Sataḥ 3 (ca. 19th cent. CE)
2bef8f07-137c-4e75-a0bc-afb0d073ad8d,,,KIR0067,Ārīthāy Jaḥdhuṃhiṭi
2c130982-5fc6-11ea-8083-0242ac130006,Dharmadhatujinalaya Caitya,BUN0016,धर्मधातुजिनालय चैत्य || BUN0016,Dharmadhātujinālaya Caitya (1964 CE) 
2c4ddb84-f419-11e9-a3c8-0242ac130002,Sulima Agam,LAL0790,सुलीम आगम || LAL0790,Sulīma Āgama (10th cent. CE)
2c57e6c8-e8cb-11e9-b125-0242ac130002,Bhailah Phalcha,LAL0850,भैलः फल्चा |*|LAL4137,Bhailaḥ Phalcā (1871 CE)
2c696054-eb48-11e9-b125-0242ac130002,I Bahi Vata Vihar,LAL1540,ई बही वँता विहार || LAL1540,Ī Bahī Vãtā Vihāra (ca. 17th cent. CE)
2c9f93f4-e832-11e9-8bc4-0242ac130002,Mahakala Phalca,LAL4092,महाकाल फल्चा ॥ LAL4092,Mahākāla Phalcā
2db1bbc0-f156-42ec-965c-e5cc9adc8981,Tahdham Phalca,BAL4001,तःधं फल्चा ll BAL4001 ll,Taḥdhaṃ Phalcā 
2dca9004-e5e3-11e9-8bc4-0242ac130002,Jog Dhusa Baha,LAL0200,जोग धुस बाहा:|| LAL0200,Joga Dhusa Bāhāḥ (1845 CE)
2dcd0237-4d4b-4487-85f6-e9d35a365c9b,Rara pillars (west),MUG0080,रारा खम्बा (पश्चिम) ||MUG0080,Rārā pillars (west)
2e8556d8-c881-4107-914a-20f925b3f28c,Yangu Bahah Phlcha,LAL4021,यंगु बाहा: फल्चा || LAL4021,Yaṅgu Bāhāḥ Phalcā
2e8556d8-c881-4107-914a-20f925b3f28c,,LAL4021,,
2e9e454e-e4fc-11e9-b125-0242ac130002,Jagatmangal Vihar,LAL0300,जगत्‌मङ्गल विहार |*| LAL0300,Jagatmaṅgala Vihāra (1945 CE)
2fa110b8-e90a-11e9-8bc4-0242ac130002,Kuti Bāhā,LAL0940,कुति बाहा: || LAL0940,Kuti Bāhāḥ (before 1714 CE)
2fa561e9-6f62-4663-bae9-fdaeb0aee1a1,Chandeshvari Dharamshala,LAL4216,चण्डेश्वरी धर्मशाला|| LAL4216,Caṇḍeśvarī Dharmaśālā
2fe39e54-d189-4403-a7cb-0835b63e4387,Cidhan Guji Baha,LAL2460,चीधँ गुजि बाहा: ।। LAL2460,Cīdhã Guji Bāhāḥ (built before 1615 CE)
2fe39e54-d189-4403-a7cb-0835b63e4387,,P-246,,
2fea6eaa-1b5f-43ca-96fd-9baad7fce137,Gache Hiti,KIR0043,ग:छेँ हिति ll KIR0043,Gaḥchĕ Hiti (ca. 18th-19th cent.)
304bed70-ec0d-11e9-b125-0242ac130002,Triratnavihara Phalcha,LAL4162,त्रिरत्नविहार फल्चा || LAL4162,Triratnavihāra Phalcā (1871 CE)
306b0be4-434f-11ea-b44d-0242ac130006,Kvache Phalcha,SUN4220,क्वाछेँ फल्चा || SUN4220,Kvāchẽ Phalcā (reconstructed in 2014 CE)
3082c42c-e76b-11e9-b125-0242ac130002,Baha Bahi Dune,LAL2720,इबा: बही दुने || LAL2720,Ibāḥ Bahī Dune (19th cent. CE)
30972753-7928-4d07-b965-b0f91dca9b7d,Sarasvati Mandir,KIR0049,सरस्वती मन्दिर ll KIR0049,Sarasvatī Mandira (built in 1720 CE)
309c85aa-e8ed-11e9-b125-0242ac130002,Chikan Bahi,LAL1620,चिकँ बही || LAL1620,Cikã Bahī (11th cent. CE)
30a307d0-2282-11ea-b9b1-0242ac130002,Bare Nani,BUN0022,बरे ननि || BUN0022,Bare Nani (17th cent.)
30f7f2bd-65d8-4a37-a619-5d73cd66c4d5,Santaneshvara Mahadeva,KAT0980,सन्तानेश्वर महादेव || KAT0980,Santāneśvara Mahādeva 
3167408a-4c14-11ea-91df-0242ac130006,,BUN4009,ध्वाखापिने मण्डप || BUN4009,Dhvākhāpine Maṇḍapa (1954 CE)
321aa815-750d-4468-9903-b3ae79e07793,Guita Ganesh,LAL2030,गुइत: गणेश मन्दिर ।। LAL2030,Guitaḥ Gaṇeśa Mandira
3331db72-539f-11ea-b4c2-0242ac130006,Umamaheshvara Degah,LAL1801,उमामहेश्वर देगः || LAL1801,Umāmaheśvara Degaḥ (1703 CE)
33706bde-e4e7-11e9-b125-0242ac130002,Nahbahi/Nakabahi Phalcha,LAL4206,नक बही फल्चा  || LAL4206,Naka Bahī Phalcā 1 (ca. 16th cent. CE)
33776afc-ea72-11e9-b125-0242ac130002,Lachi Phalca ,LAL4014,लाछि फल्चा || LAL4014,Lāchi Phalcā (late 17th cent. CE)
337c6d44-c619-4816-b823-c10f18d802b4,Indrayani Pitha,BKT0050,इन्द्रायणी पीठ ||BKT0050,Indrāyaṇī Pīṭha
33d9ec0a-e733-11e9-8bc4-0242ac130002,Ikhachen Baha,LAL0950,    इखाछेँ बाहाः || LAL0950,Ikhāchẽ Bāhāḥ (1637 CE)
3440946e-e936-11e9-b125-0242ac130002,Char Narayana Temple,LAL1320,चार नारायण || LAL1320,Cāra Nārāyaṇa Mandira (1566 CE)
34d6f310-e5e3-11e9-8bc4-0242ac130002,Umamaheshwor ,LAL1190,    उमामहेश्वर || LAL1190,Umāmaheśvara Mandira at Mahāpāla (1756 CE)
3570c001-88bd-42d7-aa26-47c6f09f5a6b,Vasa Hiti Phalca,LAL4314,वासः हिति फल्चा || LAL4314,Vāsaḥ Hiti Phalcā (1918 CE)
358d5c28-12c4-477a-b2a5-3be3164b7657,,SOL0030,जुनबेँसी छोर्तेन् || SOL0030,Junbesi Central Chorten
362d533e-e8f0-11e9-b125-0242ac130002,Philachen Ganesh,LAL2090 ,पिलाछेँ गणेश || LAL2090,Pilāchẽ Gaṇeśa (before 1714 CE)
3655168d-4513-4bba-956d-69d76e83f0aa,Buicha Hiti Phalcha,LAL4316,बुइँचा हिति फल्चा || LAL4316,Buĩcā Hiti Phalcā (c. 1692 CE)
36638422-afa6-11ea-9766-0242ac130005,Yanamuga Phalcha,LAL4042,  यनामुग: फल्चा || LAL4042,Yanāmugaḥ Phalcā (first third of 17th cent. CE)
3668d45a-f899-11e9-8649-0242ac130002,Yahshin Beam,SUN0050,य:सि ॥ SUN0050,Yaḥsi Beam (1979 CE)
37438b5c-d78a-11e9-beea-0242ac140006,Thati Phalcha 2,LAL4107,थति फल्चा २ || LAL4107,Thati Phalcā 2
378c13d0-d632-11e9-a1bd-0242ac140006,Lvaha Hiti and Bhandarkhal Tank,LAL1230,ल्वहँ हिति र भण्डारखाल पोखरी |*| LAL1230,Lvahã Hiti and Bhaṇḍārakhāla Tank (1647)
380e2e0e-e8ef-11e9-8bc4-0242ac130002,Tandukar Chapa,LAL4149,तण्डुकार चपाः || LAL4149,Taṇḍukāra Capāḥ
38e62b02-e759-11e9-8bc4-0242ac130002,Pinchhe Baha,LAL2050,पिन्छेँ बाहाः || LAL2050,Pinchẽ Bāhāḥ (1669 CE)
39bb2040-e9fd-11e9-8bc4-0242ac130002,Mul Chok,LAL1260,मूल चोक || LAL1260,Mūla Coka (1666 CE)
39beb848-fc76-43de-bdad-12ea8914001b,Sika Bahi Chamunda,P-153,सिक बही चामुण्डा मन्दिर  || LAL1530,Sika Bahī Cāmuṇḍā Mandira (1696 CE)
39beb848-fc76-43de-bdad-12ea8914001b,,LAL1530,,
3a3599d5-5f94-476d-a80f-4f2d3bb9bf9c,Dehimandau pillars and archaeological remains,BTD0020,डेहीमाण्डौ खम्बहरु र ... || BTD0020 ,Dehīmāṇḍau pillars and archaeological remains
3a781560-86b0-11ea-86ac-0242ac130005,Champakanaga Phalcha,LAL4205,चम्पकनाग फल्चा || LAL4205,Campakanāga Phalcā (renov. 2019)
3aa59732-e7ec-11e9-b125-0242ac130002,     Yata Baha,LAL0830,यता बाहा: || LAL0830,Yatā Bāhāḥ (before 1361 CE)
3b68c5ca-e64a-11e9-b125-0242ac130002,Bhimsen Temple,LAL1380,भीमसेन मन्दिर || LAL1380,Bhīmasena Mandira (1681 CE)
3b731959-de47-4cc6-84e4-e230598019f5,Khasti Caitya,ll BAL0005 ll, वज्रधातु चैत्य (खास्ति चैत्य) ll BAL0005 ll,"Vajradhātu Caitya (known as Khāsti Caitya, built in  17th cent.)"
3b9b26f6-2b9a-11ea-b82d-0242ac130002,Ibabahi Phalca ,LAL4119,इबा:बही फल्चा ४ || LAL4119,Ibāḥbahī Phalcā 4 (ca. 17th cent. CE)
3bcfd73f-1e8b-41d9-bbc6-148eb8ca7808,Talium Kartika Swami Shivanatha,JUM0390,तलिउम कार्तिकस्वामी शिवनाथ || JUM0390,Talium Kārtika Svāmī Śivanātha
3c768352-d08e-11e9-8599-0242ac140006,Hauga Baha,LAL2670,हौग: बाहा: || LAL2670,Haugaḥ Bāhāḥ (built before 1628 CE)
3ceea016-9d6c-11ea-9766-0242ac130005,Cibha Phalca ,LAL4211,चीभा: फल्चा || LAL4211,Cībhāḥ Phalcā (1712 CE)
3db42996-337a-11ea-b242-0242ac130002,Buina Ganesh,LAL0279,बुइना गणेश || LAL0279,Buinā Gaṇeśa (1681 CE)
3dbcf8b8-cf5c-44e4-8ac8-4460069bdbbf,Duikhamba pillars,DLK0020,दुईखम्बा || DLK0020,Duīkhambā (1409 CE)
3e3f0fd3-fd74-4aab-a216-99cbfeca1bec,Dullu Vijaya Bhagavati Temples (built between 13th-15th Cent.),DLK0290,दुल्लु विजय भगवती मन्दिर || DLK0290,Dullu Vijaya Bhagavatī Temples
3e52c084-1e63-4364-bc59-94d9b8e89e23,Kwa Hiti,,क्व हिति ।। KAT0890,Kva Hiti
3e718754-6c00-4947-b32f-da8bb82139a7,Umamahesvara Temple,LAL1850, उमामहेश्वर मन्दिर || LAL1850,Umāmaheśvara Mandira (1714 CE)
3e7d7be6-ea61-11e9-b125-0242ac130002,Bhau Kisi Phalcha,LAL4153,भौ किसि फल्चा || LAL4153,Bhau Kisi Phalcā (1807 CE)
3e97265e-b2b4-4a68-862a-7c76dee0bacc,Mahakali Dyache,BKT0160,महाकाली द्य:छेँ || BKT0160,Mahākālī Dyaḥchẽ
3ecd2d50-1b10-11ea-b74e-0242ac130002,Gandya Phalca,SUN4225,गँद्यः फल्चा || SUN4225,Gãdyaḥ Phalcā
3ed3eb32-4e39-4092-b6fd-f3fda0ca5c19,Nyakha Cuka,LAL0860,न्याखा चुक || LAL0860,Nyākhā Cuka
3f87ad30-e5d0-11e9-8bc4-0242ac130002,Narahiti Phalca,LAL4151,नारांहिटी फल्चा || LAL4151,Nārāṃhiṭī Phalcā (1750 CE)
3f88581e-e811-11e9-b125-0242ac130002,Kumari Pati,LAL4301,कुमारी पाटी|| LAL4301,Kumārī Pāṭī
3fe5a41a-f7d9-11e9-a3c8-0242ac130002,Jaruhiti,SUN0040,जःरुँहिति || SUN0040,Jaḥrũhiti
409cfb82-e6c3-11e9-b125-0242ac130002,Muchhe Agama,LAL1372,मूछेँ आगम || LAL1372,Mūchẽ Āgama (ca. early 15th cent. CE)
40ee8e4c-e836-11e9-b125-0242ac130002,Keku Baha,LAL0180,केकु बाहाः | LAL0180,Keku Bāhāḥ
415635af-c1ba-4b28-ba37-3e3697ce2c98,Ko Baha,LAL1440,को बाहा: ||LAL1440,Ko Bāhāḥ
4165aff8-eb2f-11e9-b125-0242ac130002,Chandesvari,LAL0770,चण्डेश्वरी मन्दिर  ||  LAL0770,Caṇḍeśvarī Mandira (ca. 17th cent. CE)
43291104-1bbd-11ea-b9b1-0242ac130002,Chabaha Phalca,LAL4101,चाबाहाः फल्चा || LAL4101,Cābāhāḥ Phalcā (1668 CE)
4353fc98-6838-406b-ba3a-4872c4d03bb0,Cuka Baha ,LAL2800,चुक बहा: || LAL2800 ,Cuka Bāhāḥ (1042 CE?)
43a6124a-0a4b-4f1c-a3b6-f68fcb0e4dc0,Ganesh Temple,LAL1170 ,गणेश मन्दिर ।। LAL1170,Gaṇeśa Mandira (1701 CE)
4405bb30-4704-432a-9f61-2a7c8912321a,Buddha Mandir (built in 1649 CE),KIR0010,बुद्ध मन्दिर ll KIR0010,Buddha Mandira
440d970c-ea5d-11e9-b125-0242ac130002,Dau Baha,LAL0220,दौ बाहा: || LAL0220,Dau Bāhāḥ (second half 17th cent. CE)
443544db-8f01-4d16-8f90-1de79f599e98,Sarasvati Temple,LAL2010,सरस्वती मन्दिर ll LAL2010,Sarasvatī Mandira (built before 1314 CE)
44609e5a-ee3d-11e9-8649-0242ac130002,Bunga Bahi,BUN0024,बुंग बही || BUN0024,Buṅga Bahī (18th cent.)
45394990-d06e-11e9-8599-0242ac140006,Mani Caitya,LAL1363,मणि चैत्य || LAL1363,Maṇi Caitya (16th century CE)
45b07460-1787-11ea-b9b1-0242ac130002,Ganesh Mandira,BUN0025,गणेश मन्दिर || BUN0025,Gaṇeśa Mandira
460bec90-ea60-11e9-b125-0242ac130002,Chidhan Bahi,LAL1970,चीधँ बही || LAL1970,Cīdhã Bahī (Licchavi period?)
468fb683-8654-424a-9005-731f310bed0f,Lu Hiti,LAL1860,लुँ हिति || LAL1860,Lũ Hiti (Sundhārā) 
479763c6-e90e-11e9-b125-0242ac130002,Ganesh Phalca at Cvache,LAL4143,गणेश फल्चा || LAL4143,"Gaṇeśa Phalcā at Cvachẽ (1782, rebuilt 2018 CE)"
489cc406-57c1-11ea-b4c2-0242ac130006,Balabhadra,LAL0040,बलभद्र || LAL0040,Balabhadra (c. 685 CE)
48fbbcba-9da1-11ea-82af-0242ac130005,Jalvinayak Temple,CHO0100,जलविनायक मन्दिर || CHO0100,Jalavināyaka Mandira (before 1603 CE)
493f8e80-fba9-11e9-a3c8-0242ac130002,Thapa Bahi,LAL2440,थपा: बही || LAL2440,Thapāḥ Bahī
49e99160-f60d-11e9-8649-0242ac130002,Ganesh Temple ,LAL0157,गणेश मन्दिर || LAL0157,Gaṇeśa Mandira (1697 CE)
4a025a42-e6ea-11e9-b125-0242ac130002,Dune Baha,LAL2300,दुने बाहा:||LAL2300,Dune Bāhāḥ (1659 CE)
4a028b6c-f954-11e9-8649-0242ac130002,Bhagavan Chok Baha ,LAL0450,भगवान् चोक बाहाः || LAL0450,Bhagavān Coka Bāhāḥ (1872 CE)
4a2c6259-e814-432e-a59c-99eb9d750007,Sva Chapu Ganesh,KAT0200 , स्वां छपु गणेश  || KAT0200 ,Svāṃ Chapu Gaṇeśa (reconstructed 1985 CE)
4a305bd6-5eb8-11ea-b4c2-0242ac130006,Yaka Phalcha,LAL4165,याक: फल्चा || LAL4165,Yākaḥ Phalcā (ca. 18th cent. CE)
4a48d563-85d1-4e51-8f78-2254393f85e2,Gorakhnath Pith,KIR0050,गोरखनाथ पीठ || KIR0050,Gorakhanātha Pīṭha (1667 CE)
4a6c25be-af79-11ea-8ae7-0242ac130005,Bhuyu Chibha,LAL0821,भुयू चीभाः || LAL0821,Bhuyū Cībhāḥ (1705 CE)
4abcfc57-87bc-46d0-9338-add4863dbf46,Pvasya Phalcha,LAL4048,प्वाःस्याः फल्चा ll LAL4048,Pvāḥsyāḥ Phalcā
4b3adb40-7726-4977-b911-1710edbfa41f,Dathu Baha,LAL1830,दथु बाहा: || LAL1830,Dathu Bāhāḥ (built in 1678 CE)
4b3adb40-7726-4977-b911-1710edbfa41f,,P-183,,
4c31625e-ea78-11e9-8bc4-0242ac130002,Sundari Chok,LAL1220,सुन्दरी चोक || LAL1220,Sundarī Coka (1647 CE)
4db3bfb2-eefd-11e9-8bc4-0242ac130002,Arati Chen (Arati ceremonial rest house),BUN4004,आरती छेँ ||  BUN4004,Āratī Chẽ
4db72ccc-e6c6-11e9-b125-0242ac130002,Bhaishajyaraaj Baahaa,LAL1650,भैषज्यराज बाहा: || LAL1650,Bhaiṣajyarāja Bāhāḥ (1878 CE) 
4dc008cc-64c1-42da-9518-9646c65ab630,Rawatkot Pancadeval,DLK0280,रावतकोट पञ्चदेवल || DLK0280,Rāvatakoṭa Pañcadevala (built in the 14th or 15th Cent.)
4df05f74-e5e0-11e9-b125-0242ac130002,,LAL4185,क्वाल्खु फल्चा || LAL4185,Kvālkhu Phalcā 1
4e0709f7-c313-4a8c-ae18-d3ca0d994713,Rara pillars (east),MUG0150,रारा खम्बा ( पुर्ब) || MUG0150,Rārā pillars (east)
4e76f5c4-ebf4-11e9-8bc4-0242ac130002,Napicandra Mahavihar,LAL0960,नापीचन्द्र महाविहार ||  LAL0960,Nāpīcandra Mahāvihāra (c. early 16th cent. CE)
4ea9bf18-4293-11ea-a19a-0242ac130006,Licchavi Caitya,BUN0010,लिच्छवि चैत्य र बुद्धमूर्ति || BUN0010,Licchavi Caitya and Statue of Buddha 
4ed2374c-e846-11e9-8bc4-0242ac130002,Jyo Baha,LAL1770,ज्यो बाहा: || LAL1770,Jyo Bāhāḥ (at least 17th cent. CE)
4eeb757c-5fc4-11ea-8083-0242ac130006,Maka Baha,LAL0170,माक: बाहा: || LAL0710,Mākaḥ Bāhāḥ (1676 CE)
4f116514-0102-11ea-8f3c-0242ac130002,Bhringareshwar Mandir,SUN0100,भृङ्गारेश्वर मन्दिर || SUN0100,Bhṛṅgāreśvara Mandira (ca. 7th cent.)
4fbe0748-3653-4e38-a86d-1627db252297,Dadimadi Pillars,DLK0310,डाड्माडी खम्बा || DLK0310,Ḍāḍimāḍī Pillars (built between the 13th-15th Cent.)
503085f6-076f-11ea-8a1c-0242ac130002,"Chapinga, Water tank ",SUN0250,चपिंगाः || SUN0250,Capĩgāḥ
50e6b167-1959-4ce9-a9d4-1800e7273a52,Kvay Baha,KIR0012,क्वय् बाहा: ll KIR0012,Kvay Bāhāḥ (built in 1701 CE) 
50e8eedc-eb42-11e9-8bc4-0242ac130002,Vajradhar Phalcha,LAL4093,वज्रधर फल्चा || LAL4093,Vajradhara Phalcā (ca. 19th cent. CE)
51d9d5da-4ceb-11ea-8083-0242ac130006,Chvasakamini,LAL0580,छ्वासकामिनी || LAL0580,Chvāsakāminī
5277a9d6-2f86-11ea-b242-0242ac130002,Bhagavan Temple,BUN0005,भगवान् देगः || BUN0005,Bhagavān Degaḥ
54346f5f-5ad8-4ab5-887c-c983ea617de2,Ganesh Temple ,LAL2130,गणेश मन्दिर  || LAL2130,Gaṇeśa Mandira 
55133c56-e68d-11e9-b125-0242ac130002,    Calakhu Phalcha,LAL4224 ,चल्खु फल्चा || LAL4224,Calakhu Phalcā  (1775 CE)
553b9314-e687-11e9-8bc4-0242ac130002,Pim Bahal Chaitya,LAL0750,पिम् बाहा: चैत्य || LAL0750,Pim Bāhāḥ Caitya (before 1350 CE)
55519f42-0202-11ea-a389-0242ac130002,Dyah Satah,SUN4050,द्य: सत: || SUN4050,Dyaḥ Sataḥ
5553af61-8bca-4f14-baa9-a077e67f701d,Ganesh Mandir,LAL1800,गणेश मन्दिर || LAL1800,Gaṇeśa Mandira at Yanamugala (1543 CE)
5576adf8-9a84-11ea-9766-0242ac130005,Yanamuga Krishnadya Phalca 1,LAL4040,यानामुग:  कृष्णद्य: फल्चा १ || LAL4040,Yanamugaḥ Kṛṣṇadyaḥ Phalcā 1
557a604c-e6a7-11e9-8bc4-0242ac130002,Bhimasena Dyochhen,LAL1680,    भीमसेन द्य:छेँ || LAL1680 ,Bhīmasena Dyaḥchẽ (1658 CE)
55be585c-411d-48dd-be74-5cd78f2723e1,,KIR0067,आरीथाय् जधुमहिति ||KIR0067, Ārīthāy Jaḥdhuṃhiṭi
55bee51e-01f5-11ea-a389-0242ac130002,Haribhajan Phalcha,SUN4070,हरिभजन फल्चा || SUN4070,Haribhajana Phalcā
55ebd8ba-e343-11e9-8bc4-0242ac130002,Vala Baha,LAL0360,वंला बाहा: |*| LAL0360,Vãlā Bāhāḥ (1921 CE)
55ef0210-dfa6-11e9-81a8-0242ac140006,Guita Chapa 1,LAL4001,गुइतः चपाः १ || LAL4001,Guitaḥ Capāḥ 1
56588bbe-f0bc-11e9-a3c8-0242ac130002,Ganesh Temple,SUN0102,गनेद्य: || SUN0102,Ganedyaḥ (1681 CE)
56a5632a-c2df-41f2-8fbb-2d82330d9c76,Bhurti Ekledevala 1,DLK0010,भुर्टी एक्लेडेवल १ || DLK0010,Bhurtī Ekledevala 1
56fa3190-ea8a-11e9-8bc4-0242ac130002,Cyasal Hiti Phalcha,LAL4157,च्यासल हिति फल्चा || LAL4157,Cyāsal Hiti Phalcā (1672 CE)
574c588e-e7ed-11e9-b125-0242ac130002,Tadhanlibi Baahaa,LAL2290, त:धँलिबि बाहा: || LAL2290,Taḥdhãlibi Bāhāḥ (1598 CE)
57688e06-ca3c-11e9-b993-0242ac140002,Guita Chaitya,LAL1990,गुइतः चैत्य १ || LAL1990,Guitaḥ Caitya 1 (built before 13th century)
5790999f-7d84-4dc0-b4a9-a65dee5d1481,Umamahesvara Temple ,,उमामहेश्वर मन्दिर  (built in 1655 CE) ll KIR0006,Umāmaheśvara Mandira
57b1c7cd-c924-4581-b4d1-8deccecb9358,Lakshmi-Narayana,,लक्ष्मीनारायण मन्दिर  ।। LAL1160,Lakṣmīnārāyaṇa
580324c0-5212-4b6e-83be-eab695af708f,Matu Ajima Mandir,KAT2570,मतू अजिमा मन्दिर|| KAT2570,Matū Ajimā Mandira (built around 1196 CE)
58201fa0-0b37-4744-af03-0c6aaac21835,Lal Baithak,BKT0082,लालबैठक || BKT0082, Lālabaiṭhaka
5864a56c-7d5f-4174-ab70-9b73013c325f,Bhurti Pancadevala 3,DLK0016,भुर्ती पञ्चदेवल  ३ || DLK0016,Bhurtī Pañcadevala 3 (built between the 15th-15th cent.)
59e912ca-06a7-412a-a9b1-60d5d0fc0a6a,Vishwokarma Deval ,KIR0063,विश्वकर्मा देवल ll KIR0063,Viśvakarmā Devala (built in 1986 CE)
5a2b953a-01f9-11ea-8f3c-0242ac130002,Mahakal Shrine,SUN0200,महाकाल मन्दिर || SUN0200,Mahākāla Shrine (ca. early 20th cent. CE)
5a3ab8f6-6344-11ea-b4c2-0242ac130006,Chaya Baha,LAL0730, छाय बाहाः || LAL0730,Chāya Bāhāḥ (1667 CE)
5a9d675d-4ea1-416c-9d12-fe75a690e587,Ramchandra Mandir,KIR0061,रामचन्द्र मन्दिर ll KIR0061,Rāmācandra Mandira (ca. 20th cent.)
5b4fb39f-ba1c-4a7a-9218-98fba1910a5a,Lakshminarayan Mandir,KAT2636,लक्ष्मीनारायण मन्दिर ।। KAT2636,Lakṣmīnārāyaṇa Mandira (1855 CE)
5bfb6d40-eb4c-11e9-b125-0242ac130002,Jagannath Temple,KAT2590,जगन्नाथ मन्दिर || KAT2590,Jagannātha Mandira (1792 CE)
5c063668-e5f6-11e9-b125-0242ac130002,Lam Pati,LAL4125,    लाम पाटी || LAL4125,Lāma Pāṭī (1678 CE)
5c766eac-e5d2-11e9-b125-0242ac130002,Ganesha Temple,LAL1590,गणेश मन्दिर || LAL1590,Gaṇeśa Mandira at Cyāsal
5c944401-65d2-49ed-b361-dbf4e3358629,Yatkha Phalca,KAT1181,यत्खा फल्चा || KAT1181, Yatkhā Phalcā (orig. 1844 CE)
5cb98dcd-6658-4b9c-8990-8c2299397aca,Balkumari Mandir,LAL2000,बालकुमारी मन्दिर||LAL2000,Bālakumārī Mandira
5d44f5b8-70f8-11ea-966a-0242ac130006,Tapa Hiti,LAL0841,तापा हिति पूर्व || LAL0841,Tāpā Hiti East
5d9c1eae-e1c7-43bc-905a-a0816724b854,Kumbheshwar Mandir,LAL1050,कुम्भेश्वर मन्दिर ||LAL1050,Kumbheśvara Mandira
5dfe48f0-eb2d-465c-a5d0-67bb1ae1277a,Narayana Mandira,BAL0007,नारायण मन्दिर  ll BAL0007,Nārāyaṇa Mandira
5e259143-1a43-49f4-94fd-068766f80876,Gutpau Caitya ,KIR0021,गुत्पाै चैत्य ll KIR0021,Gutpau Caitya (built before 1709 CE)
5e94853e-0756-11ea-b2c1-0242ac130002,Namasangiti Phalca,SUN4010,नामसङ्गीति फल्चा || SUN4010,Nāmasaṅgīti Phalcā (second half of 19th cent. CE)
5e9af02d-96f4-42a8-8c91-57d31cd5027b,Jyatha Baha,LAL2410,ज्याथा बाहा: ।। LAL2410,Jyāthā Bāhāḥ (1658 CE)
5e9af02d-96f4-42a8-8c91-57d31cd5027b,,P-241,,
5f0eb57e-e8d0-11e9-8bc4-0242ac130002,Bekharaja Baha,LAL0191,बेखाराज बाहा: || LAL0191,Bekhārāja Bāhāḥ (1892 CE)
5f10573c-c317-4fef-92ed-b0354eeae8e0,Vishvakarma Mandir,LAL2700,विश्वकर्मा मन्दिर || LAL2700,Viśvakarmā Mandira (1670 CE)
5f10573c-c317-4fef-92ed-b0354eeae8e0,,P-270,,
5f218d0a-4412-11ea-a19a-0242ac130006,Hayagriva Temple,BUN0002,हयग्रीव मन्दिर || BUN0002,Hayagrīva Mandira (before 17th cent.)
5f27520c-348e-43da-8160-a2e2729a37c7,Tapa Hiti West,LAL0842,तापा हिति पश्चिम || LAL0842,Tāpā Hiti West
5fa893c6-fbc5-11e9-8649-0242ac130002,Nugah Satta,LAL4046,नुगः सतः ||  LAL4046,Nugaḥ Sataḥ (second half 17th cent. CE)
5fadd6dc-06b1-11ea-8a1c-0242ac130002,,SUN0240,जःरुंहिति || SUN0240,Jaḥrũhiti (before 1935 CE)
5fcb8c96-4297-11ea-a19a-0242ac130006,Dharmadhatujinalaya Chaitya,BUN0012,धर्मधातुजिनालय चैत्य || BUN0012,Dharmadhātujinālaya Caitya (1958 CE)
5fd9092c-0569-11ea-b2c1-0242ac130002,Shikharakut Chaitya,BUN0027,शिखरकूट चैत्य ।। BUN0027,Śikharakūṭa Caitya
5ffc298d-bf45-4996-a8c8-4023014d9152,Tankeshwar Mahadev,KAT3180, टङ्केश्वर || KAT3180,Ṭaṅkeśvara
600ba6fa-8f77-11ea-bd59-0242ac130005,Silkhu Phalca,CHO4100,सिल्खु फल्चा || CHO4100,Silkhu Phalcā (c. 1924)
60a8a8e0-e4e8-11e9-b125-0242ac130002,Naka Bahi Phalcha  4,LAL4250,नक बही फल्चा ४ || LAL4250,Naka Bahī Phalcā 4 (1835 CE)
60aa32b2-ea3f-11e9-8bc4-0242ac130002,"Tadhan Bahi, Guita Bahi",LAL1960,त:धँ बही || LAL1960,Taḥdhã Bahī (Licchavi period)
618c600d-e494-4d74-b277-e81f773a21f4,Dyadhvakha,KIR0040,द्य:ध्वाखा ll KIR0040,Dyaḥdhvākhā
619ad1be-7cb3-4973-a2ce-13e5c7832083,Macali Pati,KAT2572,मचली पाटी || KAT2572,Macalī Pāṭī (17th century)
6206f79c-e5dc-11e9-8bc4-0242ac130002,Kot Pati,LAL4126,कोत पाटी II LAL4126,Kota Pāṭī (c. 1700 CE)
62332e5e-8c90-484f-8c98-82e018442939,Thabu Phalca,LAL4242,थबुँ फल्चा ll LAL4242 ll,Thabũ Phalcā
62af421e-8c58-49de-856d-89cf1184ae5f,Yaksesvara Mandir,BKT0009,यक्षेश्वर मन्दिर || BKT0090,Yakṣeśvara Mandira
63987fea-cd6d-11e9-92b4-0242ac140002,Tanga Baha,LAL2780,तङ्ग: बाहा: |*| LAL2780,Taṅgaḥ Bāhāḥ (built before 1125 CE)
6399088a-e68a-11e9-b125-0242ac130002,Stable at Nag Baha,LAL0932,सलछेँ || LAL0932,Salachẽ at Nāga Bāhāḥ (1880s CE)
63cd4a6e-4a3a-4241-86ff-428121b2a15c,Bhurti Pancadevala 2,DLK0013,भुर्ती पञ्चदेवल २ || DLK0013,Bhurtī Pañcadevala 2 (14th-15th cent.)
63d66002-8bc5-48b3-af42-cf40b44b38d1,Jom Baha,LAL2680,जोम् बाहा: ।। LAL2680,Jom Bāhāḥ
63d69d53-665f-496d-ba83-9b322a3268bc,Bhvan Baha,KAT2240,भ्वं बाहाः ।। KAT2240,Bhvaṃ Bāhāḥ
63ee2cfd-8c43-457b-970c-a837cc8f7f11,Manavinayak Mandir,KIR0059,मनविनायक मन्दिर ll KIR0059,Manavināyaka Mandira (originally built in 1630 CE)
6594f9ac-fb26-4e95-8c0e-4957e705df7c,Namsangiti Phalca,LAL4310,नामसङ्गीति फल्चा || LAL4310 ,Nāmasaṅgīti Phalcā (constructed before 1968 CE)
65ef3af4-9d6a-11ea-82af-0242ac130005,Balipha Ganedya Phalca,LAL4209,बालिफः गनेद्यः फल्चा || LAL4209,"Bāliphaḥ Ganedyaḥ Phalcā (first half, 17th cent.)"
6700e6dc-ad31-11ea-8ae7-0242ac130005,Ganesh Temple,LAL0820,गणेश मन्दिर  || LAL0820,Gaṇeśa Mandira (17th cent.)
67282390-14e0-4896-92cb-d79b96080f2e,Majadega,KIR0017,मजा:देग: ll KIR0017,Majāḥdegaḥ (built sometime between seventeenth and eighteenth century)
673afbfc-e6f2-11e9-8bc4-0242ac130002,Bhindya Phalca,LAL4139,भिन्द्यः फल्चा|*| LAL4139,"Bhindyaḥ Phalcā, Cyāsal (1751 CE)"
678eb152-5957-11ea-8083-0242ac130006,Changala Baha,LAL0670,चाङ्गल बाहा: || LAL0670,Cāṅgala Bāhāḥ (17th cent. ?)
67c377c8-fa2d-4d66-8051-e899b0e3e60a,Uttarganga Pillars,SRK0040,उत्तरगङ्गा खम्बाहरू || SRK0040,Uttaragaṅgā Pillars (13-15th cen.)
67f1cda0-9f96-4673-8502-6b706e34c465,Khalna Sagu,JUM0420,खल्ना संगु || JUM0420,Khalnā Sãgu
67f7ff3b-da0a-4064-969e-53333412edd9,Laha pillars,MUG0030,लाहा खम्बा || MUG0030,Lāhā Pillars (1482 CE)
69280807-eee5-40af-a285-7fc9cb500ad6,Kulle Kot,BTD0050,कुल्ले कोट || BTD0050,Kulle Koṭa
69370820-1ef5-11ea-b74e-0242ac130002,Sara Phalcha,LAL4198,सरा: फल्चा || LAL4198,Sarāḥ Phalcā
69d578b5-0f06-47ad-9080-9fe3e1adb07f,Chhwasapa Baha,KAT0960,छ्वासपाः बाहाः ।। KAT0960,Chvāsapāḥ Bāhāḥ
69d578b5-0f06-47ad-9080-9fe3e1adb07f,,P-96,,
6a263bd4-6022-48bd-ba52-b730dd67710c,Tunjhva Phalca,KIR4002,तुंझ्व: फल्चा ll KIR4002,Tuṃjhvaḥ Phalcā (1703 CE)
6a2ca05c-3aaa-11ea-b44d-0242ac130006,Matsyendranatha Temple,LAL0060,मत्स्येन्द्रनाथ मन्दिर || LAL0060,Matsyendranātha Mandira (before 15th century)
6a68a4bf-4153-4db9-9aa4-c5f78331a414,,KIR4076,ग:सि फल्चा ||KIR4076,Gaḥsi Phalcā
6a68f8a4-ad2d-4c82-97df-70095bf3dd7c,Ugratara Mandira,DDL0010,उग्रटारा मन्डिर || DDL0010,Ugratārā Mandira (c. 13-th-15th cent.)
6a82831d-1e4f-4570-9030-319e6b8a1480,Lachi Hiti,THK0021,लाछि हिति ||THK0021 ,Lāchi Hiti
6b267ae4-4c53-4516-a1d0-5fc7366596c4,Cithu Vajradhatu Caitya,KIR0074,चीथू वज्रधातु चैत्य ll KIR0074,Cīthū Vajradhātu Caitya (ca. 17th cent.)
6bb91e99-b953-4be7-855b-70a870f1c1b4,Bhagavati Asigrama archaeological remains,DDL0040,|| DDL0040,Bhagavatī Asigrāma archaeological remains
6bb91e99-b953-4be7-855b-70a870f1c1b4,,DDL0040,,
6c19dd43-3e02-4f62-8636-0b3e5971ef4d,Chinnamasta,,छिन्नमस्ता पीठ ।। LAL1180,Chinnamastā Pīṭha
6cdaf736-d3f8-4b5f-9b6d-384f21c8d902,Alko Satah,LAL4196,आल्को सत: || LAL4196,Ālko Sataḥ (built in 1836 CE)
6cef8522-e33c-11e9-b125-0242ac130002,Pahan Baha,LAL0560,पाहाँ बाहा: || LAL0560,Pāhā̃ Bāhāḥ (1660 CE)
6d22b620-367a-4250-8a51-f1735ca86877,Than Bahi,,थँ बही ।। KAT0090,Thã Bahī
6d478768-e8f5-11e9-b125-0242ac130002,Umamaheshwar Temple,LAL1130,उमामहेश्वर मन्दिर || LAL1130,Umāmaheśvara Mandira at Kvālkhu (1803 CE)
6da9c621-521e-41d0-97b4-a3a8c2a9c960,Kedāranātha Mandira,BKT0070,केदार नाथ मन्दिर ||BKT0070,Kedāranātha Mandira
6e03bbf6-0522-11ea-8f3c-0242ac130002,Balkumari,SUN0230,बालकुमारी || SUN0230,Bālakumārī (ca. 18th cent)
6fac8c1c-e768-11e9-8bc4-0242ac130002,Ganesh Temple,LAL0171,गणेश मन्दिर |*| LAL0171,Gaṇeśa Mandira at Dau Bāhāḥ (1870s CE)
711b19a4-ec10-11e9-b125-0242ac130002,Bhinche Baha,LAL2060,भिन्छेँ बाहा: || LAL2060,Bhinchẽ Bāhāḥ (ca. 1430 CE)
7171bc5b-58ee-4d5d-9808-c118c20022de,Bhuluka (Bhulukha) Degah  aka Santaneshvara Mahadeva,KAT1150,भुलुका (भुलुखा) देगः (सन्तानेश्वर महादेव) || KAT1150,Bhulukā (Bhulukhā) Degaḥ aka Santāneśvara Mahādeva (supposedly built during the reign of King Prtāpa Malla [1639 – 1674 CE])
7195ddad-7b38-423b-b1a2-479a4ad0292c,Lokesvar Mandir ,KIR0009,लोकेश्वर मन्दिर ll KIR0009,Lokeśvara Mandira (built in 1684 CE)
71a0ee45-c6f0-4598-a938-d160e0fc7ebf,Udayadeva Temple,BTD0010,उढयडेव मन्डिर || BTD0010,Udayadeva Mandira
7212764c-e691-11e9-8bc4-0242ac130002,Taleju Bell,LAL1250,तग्वः गँ || LAL1250,Taleju Bell (13th cent. CE)
7286700f-4313-42ba-be54-d79933e086a4,Manga Hiti,LAL1360,मङ्गः हिति|| LAL1360,Maṅgaḥ Hiti (built in 570 CE)
72b92b8f-e331-4878-85d4-5aa407f60047,Chilkaya Temples,KLK0250,चिलखाया || KLK0250,Cilkhāyā Temples (ca. 16th cen.)
731bd8c6-5877-4951-bf17-efc7b7c68933,Tanani Caitya ,KIR0075,त:ननि चैत्य ll KIR0075,Taḥnani Caitya 
737cb161-8db7-4e7d-a315-4f6fdf29d047,Bahalukha Phalcha 2,LAL4244,बाहालुखा फल्चा २ || LAL4244,Bāhālukhā Phalcā 2
73f86971-d72b-42bc-8776-14acf48bfaca,Panda Baha,LAL2160,पान्द बाहा: ।। LAL2160,Pānda Bāhāḥ (1877 CE)
74ae042c-e6a8-11e9-b125-0242ac130002,Krishna Temple,LAL1240,कृष्ण च्यासिंदेगः|| LAL1240,Kṛṣṇa Cyāsĩdegaḥ (1723 CE)
75171568-d049-4c63-9fce-ddf40dc4e157,Vatsala Mandira,BKT0100,वत्साला मन्दिर ||BKT0100,Vatsalā Mandira
755714a7-16e4-4926-b93c-a906820ce3bf,Kolikhola Pillar,MUG0070,कोलिखोला खम्बा || MUG0070,Kolikholā Pillar (ca. 1357 CE)
7559d8ea-32ef-11ea-a67f-0242ac130002,Khvaya Bahi,LAL0540,ख्वाय बही तःधङ्गु || LAL0540,Khvāya Bahī Taḥdhaṅgu (16th cent.?)
75d880e6-e74f-11e9-8bc4-0242ac130002,Aki Baha,LAL0850,अकि बाहा: | | LAL0850,Aki Bāhāḥ
7605825a-b679-4eb0-a1c0-8365e6493bfa,Rara Mahadev Mandir,MUG0110,रारा महादेव मन्दिर || MUG0110,Rārā Mahādeva Mandira
76ab9a02-0244-11ea-8f3c-0242ac130002,Vajradhatu Chaitya,SUN0210, वज्रधातु चैत्य || SUN0210,Vajradhātu Caitya (ca. 19th cent. CE)
776a4b78-3709-406d-bdb5-7f65590d125d,Hanuman Pillar,KIR0057,हनुमन् स्तम्भ ll KIR0057,Hanuman Pillar
77e6fd7a-5e11-11ea-b4c2-0242ac130006,Thati Baha,LAL0030,थति बाहाः || LAL0030,Thati Bāhāḥ
781d9148-efea-47f6-bfee-3aa004bf0e43,Balkumari Dyachen ,LAL2140 ,बालकुमारी द्य:छेँ ll LAL2140,Bālakumārī Dyaḥchẽ
781f49c2-723f-11ea-b99f-0242ac130006,,LAL4199,तापा हिति फल्चा पूर्व || LAL4199,Tāpā Hiti Phalcā East (1719 CE)
78211803-598c-46df-834e-4d97356acd0c,Vamsi Narayana (Krishna) Mandira ,BKT0060,वंशी  नारायण (कृष्ण) मन्दिर ||BKT0060,Vaṃśī Nārāyaṇa (Kṛṣṇa) Mandira
786375ae-ec2d-11e9-8bc4-0242ac130002,Mati Bahacha,LAL0891,मति बाहाचा || LAL0891,Mati Bāhācā (1863 CE)
786fe3c9-b65a-4bee-9432-867ae7d7be39,Puncali Phalca - 2 ,LAL4232,पुन्चलि फल्चा - २  ll LAL4232,Puncali Phalcā - 2 (before 1716 CE)
788cd320-e6a8-11e9-8bc4-0242ac130002,Ibah Bahi,LAL2730,इबा: बही || LAL2730,Ibāḥ Bahī (1418 CE)
790c0a2a-5e10-11ea-8083-0242ac130006,South Stupa,LAL0010,अशोक स्तूप दक्षिण || LAL0010,Aśoka Stūpa South (3rd cent. BCE?)
794a1040-e665-11e9-8bc4-0242ac130002,Bhimaraja Baha,LAL2360,भीमराज बाहाः ॥ LAL2360,     Bhīmarāja Bāhāḥ (1909 CE)
7a98de01-7e10-4dff-a67f-30e3687f11a7,Matu Ajima Sattal,KAT2571,मतू अजिमा सत: || KAT2571,Matū Ajimā Sataḥ
7e809e00-cdbe-40f2-b1a8-5074e3cd0da3,Pusakota stone memorial pillars,DLK0120,पुसाकोट पाषाण स्मृतिस्तम्भहरू || DLK0120,Pusākoṭa stone memorial pillars (erected between the 13th-15th cent.)
7eb10e0c-df75-4816-b1d3-5a541d6c7d19,Lamji Pancadeval,DLK0320,लम्जी पञ्चदेवल || DLK0320,Lamjī Pañcadevala (13th-15th cent.)
7ebfcc36-6e7b-4afe-b4ca-a6b4ec2729da,Bhakteshvar Mandir,KAT2639 ,भक्तेश्वर मन्दिर ।। KAT2639,Bhakteśvara Mandira 
7ee44ac8-f17a-11e9-8649-0242ac130002,Bu Baha,,बु बाहा: || LAL0440,Bu Bāhāḥ (before 1098 CE) 
7f398f5a-a97b-4bb8-9261-b8a0cd448ae7,Vagalamukhi,LAL1070,वगलामुखी  ।। LAL1070,Vagalāmukhī
7f398f5a-a97b-4bb8-9261-b8a0cd448ae7,,P-107,,
809bbb06-e6af-11e9-b125-0242ac130002,Umamahesvara Temple,LAL1430,उमामहेश्वर मन्दिर || LAL1430,Umāmaheśvara Mandira (c. 986 CE)
80cdc8b9-422f-4a81-b2f7-3046a922e3e3,,MUG0130,खम् गैटे खम्बा || MUG0130,Kham Gaite pillar (15th cent.)
81196e13-6df7-43aa-8a21-8f6200b14b65,Dhaneshwar Mandir,KAT2638,धनेश्वर मन्दिर ।। KAT2638,Dhaneśvara Mandira (1855 CE)
81e0d744-ea9c-11e9-b125-0242ac130002,Thapa Phalcha,LAL4094,थपाः फल्चा || LAL4094,Thapāḥ Phalcā (ca. 19th cent. CE)
81f57520-f0b7-11e9-a3c8-0242ac130002,Dapha Phalca,SUN4210,दाफा फल्चा || SUN4210,Dāphā Phalcā (mid-19th century CE)
8206aa54-e8ea-11e9-b125-0242ac130002,Yoganarendra Pillar,LAL1291,योगनरेन्द्र स्तम्भ || LAL1291,Yoganarendra Stambha (1690s CE)
82776660-bee0-4f35-bb18-a88f7276afeb,Bayalkatiya Baithak,JUM0100,बयल्काठिया बैठक || JUM0100,Bayalkāṭhiyā Baiṭhak (c. 14th cent.)
828826c8-56cd-11ea-8083-0242ac130006,Lachi Phalca,BUN4003,लाछि फल्चा || BUN4003,Lāchi Phalcā
8319446f-2ea3-4d3b-8848-80f325a69132,Kimugaon Temple and Pillar,DLK0050,किमुगाउँ मन्दिर र खम्बा || DLK0050,Kimugāũ Temple and Pillar
834f87e7-78a7-4012-a388-cfe5bb6f51c7,Luti Ajima,KAT0010,लुति अजिमां ll KAT0010,Luti Ajimāṃ
83b26802-2953-4afc-baf7-e9ea63fd5fd6,Cilancva Caitya ,KIR0001,चिलन्‌च्व चैत्य ||KIR0001,Cilancva Caitya (1515 CE)
83d25607-b6cf-4031-bb2a-36e1532ced6a,Iche Chibha Phalca,,इछेँ चिभा: फल्चा || KIR4028,Ichẽ Cibhāḥ Phalcā (1698 CE)
83e736d7-89d3-4b2f-93da-fa2dc6744480,Narayana Mandir,BKT0153,नारायण मन्दिर ||BKT0153,Nārāyaṇa Mandira
85784d90-e904-11e9-8bc4-0242ac130002,Naga Baha Hiti,LAL0933,नाग बाहा: हिति || LAL0933,Nāga Bāhāḥ Hiti
85caf911-91c6-4848-84fa-0e09aef3e05d,Teta Phalcha,LAL4082,तेता फल्चा ||LAL4082,Tetā Phalcā (1920 CE)
8657bd6a-9d6b-11ea-9766-0242ac130005,Ganedhya Sata,LAL4210,गनेद्यः सतः || LAL4210,Ganedyaḥ Sataḥ
8668778f-085d-4d1c-bf8a-ed3e0e5c96e3,Adi Narayana Mandira,THK0020,आदि नारायण मन्दिर ll THK0020 ll,Ādi Nārāyaṇa Mandira
86c994be-020a-11ea-a389-0242ac130002,Kwaylachhi Phalcha  ,SUN4200,क्वय्लाछि फल्चा || SUN4200,Kvaylāchi Phalcā (1783 CE)
86caa94a-dc3f-46fb-95e1-202a709cefac,Ashoka Stupa (east),LAL2150, अशोक स्तूप (पूर्व) ||LAL2150,Aśoka Stūpa (east)
870f3118-e67b-11e9-8bc4-0242ac130002,Mu Guita Bahi,LAL1980,मू गुइत: बही || LAL1980,Mū(laṅgu) Guitaḥ Bahī (542 CE)
8720230c-b399-41b7-a0db-08f7116f4612,Santipur Phalca 1,KAT3261,शान्तिपुर फल्चा १ || KAT3261,Śāntipura Phalcā 1 (probably built in 1806 CE)
872e0e8c-f0ba-11e9-a3c8-0242ac130002,Mahādev stepwell,SUN0010,महाद्य: गा:चा || SUN0010 ,Mahādyaḥ Gāḥcā (rebuilt 2018 CE)
87486c5c-cf5a-44bc-937b-8ccff40fd44b,Dathu Hiti,LAL0995,दथु हिति || LAL0995,Dathu Hiti
8781be4e-af8f-11ea-9766-0242ac130005,Patan Dhoka ,LAL0822,पाटन ढोका || LAL0822, Patan Ḍhokā (rebuild 1934 CE)
87c885ca-8c0a-4bad-9c69-682de1e22b2e,,BKT0280,दत्तात्रय मन्दिर || BKT0280,Dattatraya Mandira
87e25c28-82d3-4774-bfb4-808e6eb07ace,Yanga Bahah,LAL2230,यङ्ग: बाहा:|| LAL2230,Yaṅgaḥ Bāhāḥ (built before 1039 CE)
88628b43-2a88-45c3-8a99-07f0d5b84cec,Kvatha Baha,LAL2560,क्वाथ बाहाः ।। LAL2560,Kvātha Bāhāḥ
88835980-3eff-48f9-8655-81f58fa018c2,Tvaya Baha,,त्वाय् बाहाः ।। LAL1840,Tvāya Bāhāḥ (built before or around 15th century)
88b72ab0-e6b3-11e9-8bc4-0242ac130002,Narasimha Temple,LAL1290,नरसिंह मन्दिर || LAL1290,Narasiṃha Mandira (1590 CE)
89ddbf0d-5d6b-4ce4-9bee-5c4403136528,Ikhanarayan Mandir,KAT0310,इखानारायण मन्दिर ।। KAT0310,Ikhānārāyaṇa Mandira
8ad6f527-a10b-4452-95dc-9d3ed9f9912d,Kvayna Sata,CHO4030,क्वय्‌ना सत: || CHO4030,Kvaynā Sataḥ (1817 CE)
8bd0dd8f-8bee-4b91-a977-d2b40db4a23c,Unmatta Bhairav,LAL1060,उन्मत्त भैरव||LAL1060,Unmatta Bhairava (ca. 1392 CE)
8bf6cc7e-e8fe-11e9-8bc4-0242ac130002,Cvache Phalca,LAL4142,च्वछेँ फल्चा || LAL4142,Cvachẽ Phalcā 
8c223fa8-fa3d-11e9-8649-0242ac130002,Dampache Chaityas in Sunaguthi,SUN0030,दम्पाछेँ चैत्यहरू  || SUN0030,Dampāchẽ Caityas (1979 CE)
8c376304-6852-48b8-a840-20e3764916b3,Test,TEST1234,Test,Test
8c5e73b9-f669-4839-b375-093e33198b93,Ilay Bahi,LAL2220,इलाय् बही ।। LAL2220,Ilāy Bahī (early 18th cent. CE)
8d7016d6-5470-11ea-b4c2-0242ac130006,Pintu Bahi,LAL0970,पिन्तु बही || LAL0970,Pintu Bahī (before 1391 CE)
8e375f65-fefc-48a6-af75-a116aefdf746,Sejuwalgaon Devala,KLK0350,सेजुवालगाउँ देवल || KLK0350,Sejuvālagāũ Devala
8e38f1ef-d6ec-4d1f-ae8f-e94e5d425013,Kuladeva Baha,LAL2590 ,कुलदेव बाहा: || LAL2590 ,Kuladeva Bāhāḥ (built in 1928 CE)
8e38f1ef-d6ec-4d1f-ae8f-e94e5d425013,,P-259,,
8eca193e-f410-11e9-8649-0242ac130002,Tadhanani Phalca,LAL4074,तःधँननि फल्चा |*| LAL4074,Taḥdhãnani Phalcā 
8eeabc38-6103-11ea-8083-0242ac130006,Atha Baha,LAL0870,अथ: बाहा: || LAL0870,Athaḥ Bāhāḥ (before 1658 CE)
8ef7a2bb-be68-438f-9902-2914c6ebc9f1,Indrayani Dyache,KIR0058,इन्द्रायणी द्य:छेँ ll KIR0058,Indrāyaṇī Dyaḥchẽ (c. 1778 CE)
8f1db6ee-e77b-11e9-8bc4-0242ac130002,Patukva Satah,LAL4182,पतुक्वा सतः || LAL4182,Patukvā Sataḥ 1 (early 17th century CE)
8f55831e-9d6d-11ea-9766-0242ac130005,Kotalachi Phalca,LAL4212,कोतलाछि फल्चा || LAL4212,Kotalāchi Phalcā
8f604b7b-bd43-493f-87e8-e36d69990ad9,Dhum Baha Chaitya,LAL1470,धुम् बहा: चैत्य ।। LAL1470,Dhum Bāhāḥ Caitya
8f604b7b-bd43-493f-87e8-e36d69990ad9,,P-147,,
8f639858-8eec-11ea-8e56-0242ac130005,Konti Bahi,LAL0101,कोन्ति बही || LAL0101,Konti  Bahī (ca. 8th cent.?)
8f639858-8eec-11ea-8e56-0242ac130005,,Pruscha P-101,,
8f7a0db3-8133-4eb5-97b0-8b0c8703aa82,Cilancva Baha,KIR0002,चिलन्‌च्व बाह: ||KIR0002,Cilancva Bāhāḥ (ca. 1515 CE)
8fa97d24-02ff-11ea-a389-0242ac130002,Jagmaru Pukku Phalca ,LAL4219, जगमरु पुखू फल्चा |*| LAL4219,Jagamaru Pukhū Phalcā 
8fe3c368-1cbc-11ea-b74e-0242ac130002,Dabu (dance platform) and temporary shrine building,BUN0003,दबू || BUN0003,Dabū (dance platform) and temporary shrine
8ffce5d6-df78-11e9-81a8-0242ac140006,Bhajan Phalcha,LAL4110,भजन फल्चा || LAL4110,Bhajana Phalcā (c. 1800s CE)
900a45b8-7fde-496b-b6c8-2bb60128983a,Lakshmishvar Mandir Pujari Ghar,KAT2631,लक्ष्मीश्वर मन्दिर पुजारी घर || KAT2631,Lakṣmīśvara Mandira Pujārī Ghara
902da6e4-6f82-42e7-95e9-8e2fc2d454fd,Caitya,LAL1831,त:धंननि चैत्य ।। LAL1831,Taḥdhaṃnani Caitya (1619 CE)
906628ca-19ff-4a2b-bc04-db34fdeec3f8,Dathu Hiti Phalcha,LAL4315,दथु हिति फल्चा || LAL4315,Dathu Hiti Phalcā (c. mid-19th. cent. CE)
908fcace-b19e-4829-b2a1-db91bb11bde6,Simhadva Phalca,KIR4004,सिंहद्वा: फल्चा || KIR4004,Siṃhadvapāḥ Phalcā (orig. 1693 CE)
90a5b5ca-e613-11e9-b125-0242ac130002,Ubaha Gathicha,LAL2270,उबाहा: गथिचा || LAL2270,Ubāhāḥ Gathicā (1660 CE)
90aa98a2-539a-11ea-b4c2-0242ac130006,Pucva Kvaya Bahi,LAL0620,पूच्व क्वय बही || LAL0620,Pūcva Kvaya Bahī
90dafade-e8d7-11e9-b125-0242ac130002,Nhu Baha,LAL0430,न्हू बाहा: || LAL0430,Nhū Bāhāḥ at Gā Bāḥāḥ (ca. 1519 CE)
91b124d2-3aa9-11ea-b44d-0242ac130006,Svanga Chibha,LAL0550,स्वंग: चिभा: || LAL0550,Svãgaḥ Cibhāḥ (renovated in 1614 CE)
922539d2-e746-11e9-8bc4-0242ac130002,Yoku Baha,LAL0190,योकु बाहा: || LAL0190,Yoku Bāhāḥ (1611 CE)
92ec797a-e91c-11e9-b125-0242ac130002,Jyaba Bahi,LAL2610,ज्याबा बही || LAL2610,Jyābā Bahī (ca. 1652 CE)
930f4862-eb68-11e9-8bc4-0242ac130002,Subahal Hiti Phalca,LAL4009,सुबाहा: हिटी फल्चा || LAL4009,Subāhāḥ Hiti Phalcā (c. late 18th cent. CE)
938935b2-b933-41bd-8fcb-d65d713daaf7,Shiva Mandir,KAT2606,शिव मन्दिर || KAT2606,Śiva Mandira (1846-1951 CE)
939ac030-e812-11e9-b125-0242ac130002,Duru Baha Nani,LAL0780,दुरु बाहा: ननि || LAL0780,Duru Bāhāḥ Nani (1677 CE)
93b01588-d2f1-11e9-8411-0242ac140006,Minnath Temple ,P-277,मीननाथ मन्दिर |*| LAL2770,Mīnanātha Mandira
93b01588-d2f1-11e9-8411-0242ac140006,,LAL2770,,
94153c04-e432-11e9-b125-0242ac130002,Vachhe Nani Bahaca,LAL0380,वछेँ ननि बाहा:चा ।*। LAL0380,Vachẽ Nani Bāhāḥcā (1909 CE)
949507c0-48a2-41d0-a136-eced941d72c3,Jayashwar Mahadev Mandir,LAL1501,जयेश्वर महादेव मन्दिर ।। LAL1501,Jayeśvara Mahādeva Mandira (built around 1877 CE)
94adf614-f3d8-11e9-a3c8-0242ac130002,Garuda Narayana Temple,LAL1214,गरुडनारायण मन्दिर || LAL1214,Garuḍanārāyaṇa Mandira
94df40ea-74d2-11ea-b4b6-0242ac130006,Tap Hiti Ganesh Phalca,LAL4202,तापा हिति गणेश फल्चा || LAL4202,Tāpā Hiti Gaṇeśa Phalcā
95211cfa-694d-4f3b-8f94-fe9191041187,Bodhikha Ganesh ,KAT0020,बोधिख गणेश ll KAT0020,Bodhikha Gaṇeśa
95846732-e5e4-11e9-b125-0242ac130002,Dupa Ganesh Temple,LAL2110,दुपा: गणेश मन्दिर || LAL2110,Dupāḥ Gaṇeśa Mandira
958fbc2c-e837-11e9-8bc4-0242ac130002,Mandapa Phalca ,LAL4221,मण्डप फल्चा|| LAL4221,Maṇḍapa Phalcā at Pimbahal (first half 17th cent. CE)
95b952e2-e8c5-11e9-8bc4-0242ac130002,Avah Capah,LAL4140,अवा: चपाः || LAL4140,Avāḥ Capāḥ (rebuilt 1995 CE)
95de5b2e-4292-11ea-b44d-0242ac130006,Licchavi Caitya,BUN0009,लिच्छवि चैत्य र स्विंस्विंद्यः || BUN0009,Licchavi Caitya and Svĩsvĩdyaḥ Shrine 
96d763ae-020a-11ea-a389-0242ac130002,Halipata Phalca,SUN4012,हलिंपताः फल्चा |*| SUN4012 ,Halĩpatāḥ Phalcā (1686 CE)
97945f3f-64f5-4560-b611-1bc997a00710,Siddhimukteshvar Mandir,KAT2637,सिद्धिमुक्तेश्वर मन्दिर ।। KAT2637,Siddhimukteśvara Mandira (1855 CE)
97c8d066-f0e6-11e9-a3c8-0242ac130002,Yachhu Baha,LAL1810, यछु बाहाः || LAL1810,Yachu Bāhāḥ (ca. 1630 CE)
97f7c7ff-da96-44f3-9841-9e708675d5b4,Siddhilaksmi Temple ,LAL2120,सिद्धिलक्ष्मी मन्दिर ||LAL2120,Siddhilakṣmī Mandira  (built before 1652 CE)
984b11da-5419-43a3-ad9c-7561a204970f,Mahalaksmi Aganchhen,BAL0003,महालक्ष्मी द्यःछेँ ll BAL0003 ,Mahālakṣmī Dyaḥchẽ (built around 17th cen.)
984b11da-5419-43a3-ad9c-7561a204970f,,Pruscha ID: C/BI-2,,
9884d7b8-e92d-11e9-8bc4-0242ac130002,Sainthu Ganesh Temple,LAL1490,सैँथु गणेश मन्दिर ||  LAL1490,Saĩthu Gaṇeśa Mandira (ca. 17th cent. CE)
989f4dde-8eee-11ea-8e56-0242ac130005,Ganesh Temple,Pruscha P-104,गणेश मन्दिर || LAL0104,Gaṇeśa Mandira (1857 CE)
989f4dde-8eee-11ea-8e56-0242ac130005,,LAL0104,,
98b92c2f-f4d6-439b-8f42-b34bab291ad4,,LAL2910,सिकाली मन्दिर || LAL2910,Sikālī Mandira
98c7b75a-e729-11e9-8bc4-0242ac130002,Bhelachen Phalcha,LAL4144,भेलाछेँ फल्चा || LAL4144,Bhelāchẽ Phalcā (reconstr. 2004 CE)
990ceb20-1c32-11ea-b9b1-0242ac130002,Chola Nani Ganesha,BUN0023,गणेशथान || BUN0023,Gaṇeśa Shrine (c. mid- 17th cent. CE)
99462054-e675-11e9-8bc4-0242ac130002,Jati Baahaa,LAL2310,जति बाहाः || LAL2310,Jati Bāhāḥ
99847ffe-f320-11e9-8649-0242ac130002,Cyasal Phalcha 4,LAL4154, च्यासल फल्चा ४ || LAL4154,Cyāsal Phalchā 4
99a444d4-6d05-42b3-8d29-d17839072d01,Bhawanishankar Mandir,LAL1802,भवानीशङ्कर मन्दिर ।। LAL1802,Bhavānīśaṅkara Mandira (built in 1676)
9c4ca4e2-c676-4da1-9a0c-f1abf393123e,Bhurti shikhara temples with pavilion,DLK0015,भुर्ती शिखर मन्दिरहरू र मण्डप || DLK0015,Bhurtī śikhara temples with pavilion (built between 14th-15th cent.)
9d4436ef-a0b8-44e1-9090-2ebc3e2a8bf0,Santipur Phalca 2,KAT3262,शान्तिपुर फल्चा २ || KAT3262,Śāntipura Phalcā 2 (built in 1959 CE)
9d5039d0-e979-11e9-8bc4-0242ac130002,Mahabuddha,LAL2340,महाबुद्ध मन्दिर || LAL2340,Mahābuddha Mandira (1601 CE)
9d50c831-722c-47b1-841d-464f04149299,Sunanda Baha,LAL1000,सुनन्द विहार ।। LAL1000,Sunanda Vihāra (built before 1624 CE)
9d50c831-722c-47b1-841d-464f04149299,,P-100,,
9df40600-ef45-4e96-a503-e51e961d4182,Mahakali Pith,BKT0170,महाकाली पीठ || BKT0170,Mahākālī Pīṭha
9e929afa-0e37-4e57-9228-d7d244a486bc,Ganesh Temple,Lal1910,गणेश मान्दिर || LAL1910,Gaṇeśa Mandira (1699 CE)
9f08a9e4-f561-11e9-a3c8-0242ac130002,Swotha Narayana,LAL1410,स्वथनारायण मन्दिर || LAL1410,Svathanārāyaṇa Mandira
9f7d86ba-e6c5-11e9-b125-0242ac130002,Ashok Stupa Phalca,LAL4155,अशोक स्तूप फल्चा || LAL4155,Aśoka Stūpa Phalcā (1929 CE)
9fce2e86-16a8-11ea-b9b1-0242ac130002,Lichchhavi Caitya,BUN0026,BUN0026 || लिच्छवि चैत्य,Licchavi Caitya (9th century)
9ff7fad8-e68b-11e9-8bc4-0242ac130002,Chidham Baha,LAL2070 ,चिधं बाहा: || LAL2070,Pilāchẽ Cidhaṃ Bāhāḥ
a0067903-e67a-4795-97b3-1e943372ca47,Lakhaypa Phalca,KIR4072,लाखय्‌पा: फल्चा || KIR4072,Lākhaypāḥ Phalcā (2019 CE)
a03c60ca-ebe9-11e9-b125-0242ac130002,Bhelakhu Baha,DANAM    LAL0230,भेलखु बाहा: || LAL0230,Bhelakhu Bāhāḥ
a0771bce-eb36-11e9-8bc4-0242ac130002,Radhakrishna Temple,KAT2600,राधाकृष्ण मन्दिर ॥ KAT2600,Rādhākṛṣṇa Mandira (1887 CE)
a07b81ab-63f4-42de-bc49-adcfcbf04639,Yatkha Baha Caitya ,KAT1051,यत्खा बाहा: चैत्य ||  KAT1051,Yatkhā Bāhāḥ Caitya
a0a959a5-3d62-4bf3-bca7-baf976e2cc2f,Chithu Bahi,KIR0008,चीथू बही ll KIR0008,Cīthū Bahī
a10c10ff-f2fb-459c-9768-9139e26a1951,Pachali Bhairava, KAT2580 ,पचली भैरव  || KAT2580 ,Pacalī Bhairava (1196 CE)
a12441fe-e7f9-11e9-b125-0242ac130002,Bhelachen Chapa,LAL4145,भेलाछेँ चपाः || LAL4145,Bhelāchẽ Capāḥ
a1557804-f13d-4f7e-ada1-29305e9296f9,Gvanga Bahah,LAL2640,ग्वंग: बाहा: ||LAL2640,Gvaṅgaḥ Bāhāḥ
a1557804-f13d-4f7e-ada1-29305e9296f9,,P-264,,
a16942b4-e65e-11e9-8bc4-0242ac130002,Karuna Chuka Bahi,LAL1560,करुणाचुक बही  || LAL1560,Karuṇācuka Bahī (c. 18th cent. CE)
a1c1839d-cf8f-4018-b603-379f40d87ee8,Koligaon Pancadeval, KLK0160 ,कोलिगाँउ पञ्चदेवल || KLK0160,Koligāũ Pañcadevala
a1c7421f-fcb4-4730-939f-f15fc0875903,,KAT3260,|| KAT3260,Śāntipura
a2b60b1a-1760-11ea-b9b1-0242ac130002,Om Baha Phalcha 2,LAL4164,ओम् बाहा: फल्चा २ || LAL4164,Om Bāhāḥ Phalcā 2 (ca. 19th cent. CE)
a3bae3af-9264-4671-9d80-011fa72505d9,Bhavanishankara Mandira,KIR0062,भवानीशङकर मन्दिर||KIR0062,Bhavānīśaṅkara Mandir (built in 1718 CE)
a423a365-f6bf-4745-9a4a-f8747e978f73,Deval Hat Temples,BTD0030,ढेवल हाट ढेवल्हरु || BTD0030,Devala Hāṭa Temples
a45fa664-3093-49ce-994b-1ab74ee2ba95,Dhauga Bahi,LAL1140,धौगा: बही ।। LAL1140,Dhaugāḥ Bahī
a467140c-6285-423d-9cd7-a1265c959907,Om Bahah Nani,P-158,ओम् बाहाः ननि ।। LAL1580,Om Bāhāḥ Nani
a467140c-6285-423d-9cd7-a1265c959907,,LAL1580,,
a4df4e50-f6f0-11e9-a3c8-0242ac130002,Kutisauga Phalca,LAL4026,कुतिसौगः फल्चा || LAL4026,Kutisaugaḥ Phalcā
a4f64b3a-176d-11ea-b9b1-0242ac130002,Tagachibha,BUN0004,तःगःचीभाः || BUN0004,Taḥgaḥcībhāḥ (Caitya) ca. 16th cent.
a51a820a-e916-11e9-b125-0242ac130002,Nhu Baha,LAL0920,न्हू बाहा: || LAL0920,Nhū Bāhāḥ at Dhalāyacā (16th cent. CE)
a5df6af2-eb05-11e9-b125-0242ac130002,Khapinchen Bhairav,LAL1780,खपिंछेँ भैरव|| LAL1780,Khapĩchẽ Bhairava Mandira (c. 1682 CE)
a675f4d9-e1f1-40b1-bf2e-07df24abffd3,Vatsala Mandira,,वत्सला मन्दिर ll BKT0093 ll,Vatsalā Mandira
a6a95118-e723-11e9-8bc4-0242ac130002,Kularatna Bihar,LAL1690,कुलरत्न विहार || LAL1690,Kularatna Vihāra (ca. 1880 CE)
a792be02-0ac6-42d1-876d-07285e738424,Ramrikada Pillar,SRK0060,राम्रीकडा खम्बा || SRK0060,Rāmrīkaḍā Pillar (around 12-14th cen.)
a79cdd22-e806-11e9-b125-0242ac130002,Nhu Baha,LAL1820,न्हू बाहा: || LAL1820,Nhū Bāhāḥ at Nugaḥ (1643 CE)
a7d6372d-28cc-4130-b01d-060b1a6800e1,Sobhabhagavati,KAT3210,शोभाभगवती || KAT3210,Śobhābhagavatī
a867501c-b232-4830-aa77-ee21f742ba92,Tanga Buina Ganedya Bhajana Phalca,LAL4103,तङ्गः बुइना गनेद्य: भजन फल्चा ||LAL4103,Taṅgaḥ Buinā Ganedyaḥ Bhajana Phalcā (built in 1916 CE)
a89893f8-eb06-11e9-8bc4-0242ac130002,Ganesh Temple ,LAL0150,गणेश मन्दिर || LAL0150,Gaṇeśa Mandira (rebuilt after 1934 CE)
a8bb767e-f54d-11e9-8649-0242ac130002,Krishna Temple,LAL1340,कृष्ण देग: ॥ LAL1340,Kṛṣṇa Degaḥ (1637 CE)
a910d68c-e9bd-11e9-8bc4-0242ac130002,Manikumar Ganesh,LAL1370,मणिकुमार गणेश || LAL1370,Maṇikumāra Gaṇeśa (ca. 18th cent. CE)
a91155c6-e751-11e9-8bc4-0242ac130002,Jawahakhel Phalca 1,LAL4302,    जावलाखेल फल्चा || LAL4302,Jāvalākhela Phalcā 1
a919257e-3389-11ea-b242-0242ac130002,Iku Baha,LAL0470,इकु बाहा: || LAL0470,Iku Bāhāḥ (before 1878 CE)
aa24912f-0974-453a-9009-d9b984934280,Amargadhi Siva Mandira sculptures,DDL0020,अमरगढी शिव मन्डिर मूर्टिहरु || DDL0020,Amargaḍhi Śiva Mandira sculptures
aa4c7ab7-28db-4857-adc4-00c80287b220,Jalavinayaka Sata,CHO4010,जनविनायक सत: उत्तर || CHO4010 ,Jalavināyaka Sataḥ North (1877 CE)
ab83bc5c-ec0d-11e9-b125-0242ac130002,Jawahakhel Phalca 2,LAL4303,जावलाखेल फल्चा २ || LAL4303,Jāvalākhela Phalcā 2 (ca. 19th cent. CE)
abf85117-e75e-4438-82da-aa6b6e15d0f3,Kvayna Phalca,CHO4040,क्वय्‌ना फल्चा || CHO4040,Kvaynā Phalcā (c. 1750s)
abf85117-e75e-4438-82da-aa6b6e15d0f3,,CHO4040,,
ac2862e2-1666-11ea-bc0e-0242ac130002,Ganesh Mandir,BUN0021,गणेश मन्दिर || BUN0021,Gaṇeśa Mandira
ac64e224-ea6c-11e9-b125-0242ac130002,Javalakhel Phalca 3,LAL4304,जावलाखेल फल्चा ३ || LAL4304,Jāvalākhela Phalcā 3 (ca. 19th cent. CE)
ad0003ea-3ad5-49e6-a40a-e6ed4fec1983,Khadacakra Kota Durbar,KLK0002,खडाचक्र कोट दरबार ॥ KLK0002,Khaḍācakra Koṭa Durbar
ad88fd32-e752-475c-8eeb-b93267e0c168,Basantapur architectural remains,KLK0110,|| KLK0110,Basantapur architectural remains (14./15. c.)
adc2f4ee-e99a-11e9-b125-0242ac130002,Nag Baha Phalcha,LAL4204,नाग बाहाः फल्चा ||LAL4204,Nāga Bāhāḥ Phalcā (ca. 19th cent. CE)
adfd2472-e808-11e9-8bc4-0242ac130002,Josi Satah at Saugah,LAL4032,सौगः सतः || LAL4032,Jośī Sataḥ at Saugaḥ (1842 CE)
ae58c406-0473-4bad-86cc-722a48513358,Sum Baha,LAL2530,सुम् बाहा: ।। LAL2530,Sum Bāhāḥ (before 1536 CE)
aedf5947-88c8-45f9-8226-c260ec8e73ec,Indrayani Pitha Hiti,BKT0051,इन्द्रायणी पीठ हिति ||BKT0051,Indrāyaṇī Pīṭha Hiti (built in 1657 CE)
aefd4c30-f410-11e9-a3c8-0242ac130002,Harishankar Temple,LAL0310,हरिशङ्कर मन्दिर |*| LAL0310,Hariśaṅkara Mandira (ca. 16th century CE)
afa386ca-8eea-11ea-bd59-0242ac130005,Alko Hiti,LAL0990,आल्को हिति || LAL0990,Ālko Hiti (1415 CE)
afa386ca-8eea-11ea-bd59-0242ac130005,,P-99,,
afda32ed-6743-46ce-9ba6-bf127276619c,Mahalaksmi Phalca,LAL4307,महालक्ष्मी फल्चा || LAL4307,Mahālakṣmī Phalcā (c. 1850s CE)
afda32ed-6743-46ce-9ba6-bf127276619c,,LAL4307,,
b01f2744-ea8f-11e9-8bc4-0242ac130002,Patukva Sattah 2,LAL4183,पतुक्वा सतः २ || LAL4183,Patukvā Sataḥ 2 (ca. 18th cent. CE)
b07cb7d9-5bd4-4436-bb64-6c83b8a3eda6,Kimugaun Temples,DLK0060,किमुगाउं मन्डिरहरु || DLK0060,Kimugāũ Temples (13th-15th cent. CE)
b088faf0-5abf-4b86-be5c-8386de2d9fda,Nasah Chapa,LAL4066,त्याग: सत: ३ ||LAL4066,Nāsaḥ Capāḥ (possibly late 1780s CE)
b0c83c96-e4ed-11e9-8bc4-0242ac130002,Bhailasin Baha,LAL0420,भैल:सिं बाहा: |*| LAL0420,Bhailaḥsĩ Bāhāḥ (1896 CE)
b0d6e090-8be2-4dac-91c6-9931976a73d8,Vishvakarma Mahavihar,KAT2190,विश्वकर्मा बाहाः ।। KAT2190,Viśvakarmā Bāhāḥ
b0d6e090-8be2-4dac-91c6-9931976a73d8,,K-219,,
b1226710-e61f-11e9-8bc4-0242ac130002,Dathu Baha,LAL2080,दथु बाहा: || LAL2080,Dathu Bāhāḥ (c. 1880s CE)
b142ec3d-7636-467d-b7d0-63c181af0176,Phattesvara Mahadeva Mandira,,फट्टेश्वर महादेव मन्दिर ll BAL0010 ll,Phaṭṭeśvara Mahādeva Mandira
b158dddc-a46e-11ea-9766-0242ac130005,Tashi Gomang,KAT3221,तशी गोल्मा स्तूप|| KAT3221,Tashi Gomang Stupa
b171c89c-f3de-11e9-8649-0242ac130002,Narayan Temple,LAL1310,नारायण मन्दिर || LAL1310,Nārāyaṇa Mandira (ca. 17th cent. CE)
b19203da-3b84-11ea-a19a-0242ac130006,Kisi Chuka Baha,LAL0490,किसि चुक बाहाः || LAL0490,Kisi Cuka Bāhāḥ (1935 CE)
b1a676be-eb4b-11e9-8bc4-0242ac130002,Narayan Temple ,LAL0110,नारायण मन्दिर || LAL0110,Nārāyaṇa Mandira (16th Cent. CE)
b21b09ef-1998-4f1f-8e8b-ffe6b99f9116,Ganesh Bhajan Phalcha,LAL4013,गणेश भजन फल्चा ||LAL4013,Gaṇeśa Bhajana Phalcā (originally built in 1505 CE)
b23905f8-e7f2-11e9-8bc4-0242ac130002,Atah Phalca,LAL4160,    अताः फल्चा |*| LAL4160,"Atāḥ Phalcā, Cyāsal (1722 CE)"
b2fd35c0-aa7b-40d1-98e3-9d268cbd6e90,Pinchhe Ganesh,LAL1950,पिन्छेँ गणेश मन्दिर ।। LAL1950,Pinchẽ Gaṇeśa Mandira (before 1621 CE)
b3247856-e619-11e9-b125-0242ac130002,Narayana Temple,LAL2740,नारायण मन्दिर || LAL2740,Nārāyaṇa Mandira at Cāka Bāhāḥ (ca. 1699 CE)
b345df3c-e71d-11e9-b125-0242ac130002,Thati Sattal,LAL4108,थति सतः ३ || LAL4108,Thati Sataḥ 3 (c 1831 CE)
b53e45b8-ebf5-11e9-b125-0242ac130002,Mu Baha,LAL0760,मू बाहा: || LAL0760,Mū Bāhāḥ (15th cent.?)
b573cb9c-9644-4567-841d-83fc0c61403b,Deval Hat Naulo,BTD0040,देवल हाट नाउलो || BTD0040,Devala Hāṭa Nāulo
b5f8d23a-166a-11ea-a10c-0242ac130002,Ganesha Phalca,SUN4230,गणेश फल्चा २ || SUN4230,Gaṇeśa Phalcā 2
b66fa304-e68d-11e9-b125-0242ac130002,Trilingeshwar Mahadev Temple,LAL0250,त्रिलिङ्गेश्वर महादेव मन्दिर || LAL0250,Triliṅgeśvara Mahādeva Mandira (16th cent. CE)
b690f84e-94ec-4f89-b376-e7e3fbd55ddd,Puncali Sata,LAL4236,पुन्चलि सत: ll LAL4236,Puncali Sataḥ (c. mid-16th cent. CE)
b6c2586a-e77d-11e9-8bc4-0242ac130002,Tika Bhairav,LAL1710,टीका भैरव || LAL1710,Ṭīkā Bhairava at Bhelachẽ (c. mid-16th cent. CE)
b6c6ae2c-b5f6-11ea-9e0d-0242ac130005,Jhatapva Lalitapuri Satah,LAL4189,झताप्व: ललितापुरी सतः ||LAL4189,Jhatāpvaḥ Lalitāpurī Sataḥ
b717f92c-5e11-11ea-8083-0242ac130006,Ratneshvara Mahadeva ,LAL0800,रत्नेश्वर महादेव मन्दिर || LAL0800,Ratneśvara Mahādeva (ca. 14th century CE)
b7910d9c-e915-11e9-b125-0242ac130002,"Manikula Phalca, translation: the phalcā of the jewel clan",LAL4152,मणिकुल फल्चा || LAL4152,Maṇikula Phalcā (1860s CE)
b7a28a89-94d9-4b40-9e51-e5afdfc4e759,Lekhgaun Pillars,SRK0071,लेखगाउं खम्बहरु || SRK0071,Lekhagāũ Pillars (1318 or 1320 CE)
b7adbd29-8528-4609-9ec5-fb8db9579d4d,Bichchhe Phalca,KAT0941,बिच्छे फल्चा || KAT0941,Bicche Phalcā (built around seventeenth and eighteenth century)
b838d133-9b23-4208-a191-91b883182755,Bham Bada fountain and temple,MUG0040,भाम् भाढा डेवल्दारा || MUG0040,Bhām Bāḍā Devaldhārā
b83ff19b-0e10-4281-8bbc-92cff905383f,Ganesha Temple ,KIR0055,गणेश मन्दिर ll KIR0055,Gaṇeśa Mandira 
b8985e38-e68c-11e9-8bc4-0242ac130002,Garuda Pillar,LAL1341,गरुड स्तम्भ || LAL1341,Garuḍa Stambha on Patan Darbar Square (1637 CE)
b8b26a0c-02a8-11ea-a389-0242ac130002,Kapinche Phalca ,LAL4130,  खपिंछेँ फल्चा || LAL4130,Khapĩchẽ Phalcā 
b90d17aa-ebff-11e9-8bc4-0242ac130002,Krishna Temple,LAL1400,कृष्ण मन्दिर || LAL1400 ,    Kṛṣṇa Mandira at Svatha Ṭola (1669 CE)
b92b7a0f-0268-43e8-bbe2-d83d39d6e54b,Chusya Baha,KAT0160,छुस्या बाहा: || KAT0160,Chusyā Bāhāḥ
b9ae5311-886f-4c4e-a207-1d16593c3d1b,Thaina Ganesh,LAL2431,थैना गणेश ।। LAL2431,Thainā Gaṇeśa
b9c7d774-e82c-11e9-b125-0242ac130002,Bhajudhana Baha,LAL2350,भाजुधन बाहाः ॥ LAL2350,Bhājudhana Bāhāḥ
b9e834fe-e680-11e9-b125-0242ac130002,Yatalibi Chaitya,LAL2250,यतालिबि चैत्य || LAL2250,Yatālibi Caitya (c. 17th cent. CE)
b9e8a7f4-65d8-11ea-b4c2-0242ac130006,Chhaya Baha Bhindyah,LAL0720,छाय बाहा: भिन्द्य: || LAL0720,Chāya Bāhāḥ Bhindyaḥ (ca. 17th cent. CE)
b9ea1eba-e8c2-11e9-b125-0242ac130002,Ganesha Temple,LAL0120,गणेश मन्दिर|∗| LAL0120,Gaṇeśa Mandira (1726 CE)
ba289280-9a88-11ea-82af-0242ac130005,Yanamuga Chapa,LAL4041, यनामुग: चपाः २ ||LAL4041,Yanamugaḥ Capāḥ 2
ba391e8f-b8ce-4cdb-9e24-8c254e2b24c6,Pancadevala Pancadevala,DLK0070,पञ्चदेवल पञ्चदेवल || DLK0070,Pañcadevala Pañcadevala (from approximately 14th-15th cent.)
baf9c7ea-0782-11ea-b2c1-0242ac130002,Taha Phalca,SUN4060,ताहा फल्चा |*| SUN4060,Tāhā Phalcā (1818 CE)
bb58b263-f53c-45f6-9e1c-d9a3e5a68856,Jalavinayaka Sata South,CHO4020,जनविनायक सत: दक्षिण || CHO4020,Jalavināyaka Sataḥ South (1877 CE)
bb6b3f3e-e832-11e9-8bc4-0242ac130002,Ikha Baha Nani,LAL0090,इखा बाहा: ननि || LAL0090,Ikhā Bāhāḥ Nani (rebuilt in 1934 CE)
bb7c0f44-35d0-11ea-a67f-0242ac130002,Sarasvati Nani,LAL0108,सरस्वती ननि || LAL0108,Sarasvatī Nani (before 1724 CE)
bbb0b3d2-e681-11e9-8bc4-0242ac130002,Hona Baha,LAL1670,होन बाहा: || LAL1670,Hona Bāhāḥ (ca. 1895 CE)
bbe0fc5e-d632-11e9-a1bd-0242ac140006,"Keshavnarayana Chok, Keshav Narayan Chowk, Patan Museum",LAL1330,केशवनारायण चोक |*| LAL1330,Keśavanārāyaṇa Coka (1734 CE)
bbf0265a-2f5e-46cf-a7b1-321c77b3d84b,Ilachen Phalca 2,LAL4087,इलाछेँ फल्चा २ll LAL4087,Ilachen Phalcā 2 (before 1743 CE)
bc3c1b44-e60d-11e9-8bc4-0242ac130002,Chavalcha Phalca,LAL4007,च्वल्चा फल्चा ||LAL4007,Cvalcā Phalcā (1665 CE)
bc7fbe06-eec3-4f9d-8bf0-e72186e51e0b,Dhanasi Baha,KAT1040,धनसिं बाहा: || KAT1040,Dhanasiṃ Bāhāḥ (1862 CE)
bd721439-4d10-41da-b917-532f375c7d40,Lagan Baha,LAL2810 ,लगँ बाहा:|| LAL2810 ,Lagã Bāhāḥ
bd721439-4d10-41da-b917-532f375c7d40,,P-281,,
bd790583-27ca-4af9-8c0f-19a8ef459c91,,MUG0060,कोस् खम्बा || MUG0060,Kos Pillars (approximately 14th-16th cen.)
bdca6826-e8d3-11e9-b125-0242ac130002,Kvalkhu Ganesh Temple,LAL1120,क्वाल्खु गणेश मन्दिर ||LAL1120,Kvālkhu Gaṇeśa Mandira
bdd6cf60-bf76-4b4c-b840-05df41a35429,Tharpa Masta Temple,MUG0160,तार्प मष्टा मन्डिर || MUG0160,Thārpa Maṣṭā Temple
bde08b8a-e5ed-11e9-b125-0242ac130002,Maghe Dapha Phalca,LAL4156,सत्तः फल्चा || LAL4156,Māghe Dāphā Phalcā (16th cent. CE)
be9d31f0-2cb2-40d0-8af9-3df0fcbb0040,Junbesi Gompa,SOL0010,ताशि थोङ्गमोन गुम्बा || SOL0010,"Tāśi Thoṅgmon Gumbā (16th cent., rebuilt 2007) "
bee5d202-74c6-11ea-a71c-0242ac130006,Tapa Hiti Phalca West,LAL4200,तापा हिति फल्चा पश्चिम || LAL4200,Tāpā Hiti Phalcā West
c0655dd4-e671-11e9-8bc4-0242ac130002,Kisi Phalca,LAL4158,किसि फल्चा || LAL4158,Kisi Phalcā (late 17th cent. CE)
c07ed9a8-8a2b-4453-9478-803722743140,Krishna Mandir,Pruscha P-145,कृष्ण मन्दिर || LAL1450,Kṛṣṇa Mandira (1680 CE)
c07ed9a8-8a2b-4453-9478-803722743140,,LAL0145,,
c0e068c4-3861-4dda-b854-bf9090b1943b,Jhatapva Phalcha,LAL4190,झताप्व:  फल्चा || LAL4190,Jhatāpvaḥ Phalcā (1683 CE)
c14d067e-43e0-40e2-9285-b46e67f7512e,Chidhangu Konti Bahi,LAL1020,चीधंगु कोन्ति बही ।। LAL1020,Cīdhaṅgu Konti Bahī
c14d067e-43e0-40e2-9285-b46e67f7512e,,P-102,,
c1999448-f401-11e9-8649-0242ac130002,Ichhe Baha,LAL2370,इछे बाहाः || LAL2370,Iche Bāhāḥ (before 1886 CE)
c1c37f40-b4fa-4cc7-89ab-ab47dd29262e,Subaha Phalca 3 ,LAL4010,सुबाहा: फल्चा ३||LAL4010,Subāhāḥ Phalcā 3
c232bdac-f1a0-11e9-8649-0242ac130002,Vana Baha,LAL0400,वन बाहा: || LAL0400,Vana Bāhāḥ (before 1595 CE)
c264266c-a68e-4301-a3d2-4dec489ccb0f,Naudva Baha,LAL2600,नौद्वँ बाहा: || LAL2600,Naudvã Bāhāḥ (1640 CE)
c264266c-a68e-4301-a3d2-4dec489ccb0f,,P-260,,
c424b153-f094-485f-9869-38b571398549,Baku Nani,KAT1210,बाकु ननि || KAT1210,Baku Nani
c473d060-68b2-4ac2-9625-d83b71151062,Buicha Hiti,LAL0996,बुइँचा हिति || LAL0996,Buĩcā Hiti
c50fc4bd-3c46-48be-87b7-d9a01da0a631,Bahalukha Phalcha,LAL4243,बाहालुखा फल्चा || LAL4243,Bāhālukhā Phalcā (c. 1761 CE)
c5248a52-966b-43c2-bc90-4d30d6ba824a,Katuwalgaon Fountain,DLK0210,कटुवल्गाउँ धारा,Katuvālalgāũ Fountain
c566021c-f3ef-11e9-8649-0242ac130002,Ganesha Temple,LAL0270,गणेश मन्दिर |*| LAL0270,Gaṇeśa Mandira (before 1819 CE)
c5b0b399-6128-4f61-8c17-3299d977626a,Sridhara Temple,KIR0064,श्रीधर मन्दिर ll KIR0064  ,Śrīdhara Mandira (built in 1658 CE)
c65d730c-e80b-11e9-b125-0242ac130002,Ashoka Stupa North,LAL1480,अशोक स्तूप उत्तर || LAL1480,Aśoka Stūpa North (3rd cent. BCE?)
c6c9638b-35f0-4420-be0b-f53c95df6449,,SOL0110,जुनबेँसीको सबैभन्दा पुरानो घर || SOL0110,Oldest house in Junbesi
c71c03f4-1149-454a-8e88-3e1a9e8d9ec5,Kapileshwar Mahadev Mandir,KAT0950,कपिलेश्वर महादेव मन्दिर || KAT0950,Kapileśvara Mahādeva Mandira (built in 1690 CE)
c72a8936-6822-11ea-8083-0242ac130006,Seto Ganesh Guthi Chapache,LAL4163,सेतो गणेश गुठी चपा:छेँ || LAL4163,Seto Gaṇeśa Guṭhī Capāḥchẽ (1737 CE) 
c79cc000-e8f2-11e9-8bc4-0242ac130002,Vishveshvara Temple,LAL1350,विश्वेश्वर मन्दिर || LAL1350,Viśveśvara Mandira (1627 CE)
c7d1edc3-a3ae-4dea-a8f7-a1642645fd06,"Bhindya Hiti (built during the Late Malla Period, 1482-1768 CE)",KAT0930,भिन्द्य: हिति ll KAT0930,Bhindyaḥ Hiti
c7d9c086-2284-4081-82de-322f2c723d31,Pachali Ghat,KAT2630,पचली घाट || KAT2630,Pacalī Ghāṭa 
c82a4429-3f99-488c-9126-08e90a83a573,Mehalmudi Pancadevala,KLK0210,मेहल्मुडी पंचदेवल || KLK0210,Mehalmuḍī Pañcadevala (between thirteenth and fifteenth century)
c8834722-30f6-11ea-a67f-0242ac130002,Bhajana Mandala Phalcha,LAL4246,भजन मण्डल फल्चा || LAL4246,Bhajana Maṇḍala Phalcā (before 1663 CE)
c8a590ea-78b0-437c-b392-20614ceb58e5,Manma Pillar,KLK0080,मान्मा खम्ब || KLK0080,Mānmā Pillar
c8b1d0f0-4fa7-47f0-b318-f57249bab295,Gadhvakha,KIR0060,ग:ध्वाखा ll KIR0060,Gaḥdhvākhā (originally built around the 13th cent.)
c9073acf-a4d3-42a6-b3e0-64bba8d596e3,Harsha Baha,P-263,हर्ष बाहा: ।। LAL2630,Harṣa Bāhāḥ (built in 1858 CE)
c9073acf-a4d3-42a6-b3e0-64bba8d596e3,,LAL2630,,
c955a75b-f223-473f-a256-82f8a1d068f5,Puchvathura Phalca,LAL4311,पूच्वथूर फल्चा || LAL4311,Pūcvathūra Phalcā
c977c8df-04ac-46d1-a6da-b0b268b33baa,Lihi stupa and pillar,SIJ0170,लिही स्तूप र स्तम्भ || SIJ0170,Lihī stūpa and pillar (13th - 15th cent.)
c97c089e-8eed-11ea-8e56-0242ac130005,Konti Hiti ,LAL0103,कोन्ति हिति || LAL1030,Konti Hiti (ca. 8th cent. CE)
c97c089e-8eed-11ea-8e56-0242ac130005,,Pruscha P-103,,
c98dc194-e676-11e9-8bc4-0242ac130002,Manimandap,LAL1362,मणिमण्डप || LAL1362,Maṇimaṇḍapa South (1701 CE)
c9bc2916-eb40-11e9-8bc4-0242ac130002,Radhakrishna Temple,LAL1390,राधाकृष्ण मन्दिर || LAL1390,"Rādhākṛṣṇa Mandira (origin. 1668, collapsed 2015 CE)"
c9fb4246-b740-47fb-b2a3-c5776039167f,Bekharaj Bahah,LAL0410,बेखाराज बाहा: ।। LAL0410,Bekhārāja Bāhāḥ (founded in 1884 CE)
c9fb4246-b740-47fb-b2a3-c5776039167f,,P-41,,
ca03a00c-e96a-4eef-bd2e-13f7942459a5,Bhurti Pancadevala 1,DLK0012,भुर्टी पञ्चदेवल १ || DLK0012,Bhurtī Pañcadevala 1 (14th-15th cent.)
ca193ec5-9ef4-48dd-b4ba-3158b6996350,Arithay Phalca,KIR4022,KIR4022 ll आरीथाय् फल्चा,Ārīthāy Phalcā
ca2cb4c6-e6b6-11e9-b125-0242ac130002,Naya Hiti,LAL1660,नाय हिटी || LAL1660,Nāya Hiṭī
ca467b46-96fa-49e4-a093-6da5a304fcc8,Dharakhola stone memorial pillars,DLK0080,धाराखोला वीरखम्बाहरु || DLK0080,Dhārākholā stone memorial pillars (from approx. 13th-14th cent.)
ca61f6c0-e681-11e9-8bc4-0242ac130002,"Thakum Baha, Ratnajaya Vihara",LAL1930,    थकुं बाहा:|| LAL1930,Thakuṃ Bāhāḥ (1667 CE)
ca7dd19e-f7af-11e9-8649-0242ac130002,Sattal at Purohit Ghat,KAT2731,पुरोहितघाटको सतः || KAT2731,Sataḥ at Purohitaghāṭa (1883 CE)
cb03ff18-e75a-11e9-8bc4-0242ac130002,Nag Baha ,LAL0930,नाग बाहा: || LAL0930,Nāga Bāhāḥ (c. 11th cent. CE)
cb1604cc-eb5d-11e9-b125-0242ac130002,Ta Baha,LAL0050,त: बाहा: || LAL0050,Taḥ Bāhāḥ (ca. 1427 CE)
cb193cf8-529c-4656-9468-05af05cdcdc5,Cithu Stone Caitya ,KIR0073,चीथू शिला चैत्य ll KIR0073,Cīthū Stone Caitya (built in 1811 CE)
cb4026bb-ffb1-473c-be38-7256bd1f8700,Tulasi Deval,KIR0056,तुलसी देवल ll KIR0056,Tulasī Devala (1676 CE)
cbae4fa5-4717-4c6c-9b34-eb8d696a09ba,Cvapva Ganesha Mandir,LAL1790,च्व:प्व: गणेश मन्दिर ll LAL1790,Cvaḥpvaḥ Gaṇeśa Mandira (built before 1744 CE)
cbbbc576-3b42-11ea-b44d-0242ac130006,Ikhalakhu Phalcha,LAL4245,इखालखु फल्चा  || LAL4245,Ikhālakhu Phalcā 
cc076a1e-4e0a-11ea-8083-0242ac130006,Bhajana Mandala Phalca,BUN4002,भजन मण्डल फल्चा || BUN4002,Bhajana Maṇḍala Phalcā (1955 CE)
ccb98862-3d06-11ea-a19a-0242ac130006,Naka Bahacha,LAL0530,नः बाहाःचा || LAL0530,Naḥ Bāhāḥcā (before 1548 CE)
ccd765bc-e900-11e9-b125-0242ac130002,Bhailah Cidham Phalca,LAL4136,भैल: चिधँ फल्चा || LAL4136,Bhailaḥ Cidhã Phalcā (early 18th cent. CE)
ccfc9e0a-70ea-11ea-966a-0242ac130006,Asoka Stupa West ,LAL0610,अशोक स्तूप पश्चिम || LAL0610,Aśoka Stūpa West (3rd cent. BCE?)
ccfc9e0a-70ea-11ea-966a-0242ac130006,,Pruscha P-61,,
cd358e72-4b24-4377-9061-27b9e408dbb5,,BKT0290,|| BKT0290,Pujārīmaṭha
cdc824f7-fbb4-4aa3-b164-441876d29ed8,lokesvara,LAL2180,लोकेश्वर ।। LAL2180,Lokeśvara Dyaḥchẽ (renovated in 1730 CE)
cdc824f7-fbb4-4aa3-b164-441876d29ed8,,P-218,,
cdeafb74-f3cf-11e9-a3c8-0242ac130002,Ola Nani,LAL0160,ओला ननि || LAL0160,Olā Nani (ca. 18th cent. CE)
ce814212-e698-11e9-8bc4-0242ac130002,Su Baha,LAL1920,सु बाहा: || LAL1920,Su Bāhāḥ (1142 CE)
ce9b3552-e916-11e9-b125-0242ac130002,Tin Dewal,KAT2670,तीन देवल ||  KAT2670,Tīna Devala (1850 CE)
ced28492-e666-11e9-b125-0242ac130002,I Baha,LAL0080,इ बाहा: || LAL0080,I Bāhāḥ (16th cent. CE)
cf2cf2a2-fbb9-11e9-a3c8-0242ac130002,Nhugu Phalca at Cyasal,LAL4159,न्हुगु फल्चा || LAL4159,Nhugu Phalcā at Cyāsal (1712 CE)
cf39fef8-b9bb-4b7d-a27d-48b4b3750d7a,Itum Bahal,KAT1220,इतुं बाहा: || KAT1220 (built around late 9th cen.),Ituṃ Bāhāḥ
cfc0099e-f15d-4c3e-8d8f-e048222f7956,Yaka Baha,KIR0020,याक: बाहा: ।। KIR0020,Yākaḥ Bāhāḥ (built in 1647 CE)
cfcdabd6-e80c-11e9-b125-0242ac130002,Yaka Baha,LAL0680,याकः बाहाः || LAL0680,Yākaḥ Bāhāḥ (c. 19th cent. CE)
d024e070-e7f5-11e9-b125-0242ac130002,Hakha Baha,LAL0390,हख बाहा:|| LAL0390,Hakha Bāhāḥ (c. 12th cent. CE)
d05bfad4-e696-11e9-b125-0242ac130002,Krishna Temple,LAL0370,कृष्ण मन्दिर || LAL0370,Kṛṣṇa Mandira at Vala Ṭol (1725 CE)
d134c8da-df36-486b-9582-93e5f2cf9146,Narayana Mandir,KIR0065,नारायण मन्दिर ll KIR0065,Nārāyaṇa Mandira (ca. 1803 CE)
d13be190-1750-11ea-ac74-0242ac130002,Kvabaha Bhagavati Phalcha ,LAL4173,क्वबाहाः भगवती फल्चा || LAL4173,Kvabāhāḥ Bhagavatī Phalcā 
d188f409-0b23-4616-93a8-6ba1fa524630,Tanga Hiti,LAL2760,तङ्ग: हिति ll LAL2760,Taṅgaḥ Hiti (724 CE)
d1bc6464-69b2-11ea-b4c2-0242ac130006,Mikha Baha,LAL0810,मिखा बाहा: ।। LAL0810,Mikhā Bāhāḥ (Before early 17th cent.)
d1bc6464-69b2-11ea-b4c2-0242ac130006,,Pruscha P-81,,
d2578f40-cfce-4450-a8c1-3092c08ef487,Om Baha,LAL1740,ओम् बाहा: ।। LAL1740,Om Bāhāḥ (seventeenth century) 
d292d972-7a85-4e3e-8af6-75db779adaab,Iche Phalca,KIR4027,इछेँ फल्चा || KIR4027,Ichẽ Phalcā
d2d6cf8f-9c71-417f-b82c-89f487f13a74,Setibada Baithak,DDL0050,सेटिबड बैठक || DDL0050,Setibada Baiṭhaka
d3c6eaf6-e76f-11e9-8bc4-0242ac130002,Bhelachhe Phalcha,LAL4147,भेलाछेँ फल्चा || LAL4147,Bhelāchẽ Phalcā 4 (rebuilt ca. 2000 CE)
d3ebfce1-622b-4c10-b7a4-e827e24358be,Maru Hiti,KAT0970,मरु हिति ।। KAT0970,Maru Hiti
d46efa17-704b-4706-be58-fe535e26bbfc,Khusi Bahi,KAT3190,खुसि बही || KAT3190,Khusi Bahī (built before 1526 CE)
d5354d0a-fb98-11e9-a3c8-0242ac130002,Bhai Dega,LAL1200,भाइ देगः ॥ LAL1200,"Bhāi Degaḥ (1678 CE, rebuilt after 1934 CE)"
d5d76955-24df-4827-9df5-d9f9679da6b5,Ajayamerukot Baithak,DDL0140,अजयमेरुकोठ बैठक् || DDL0140,Ajayamerukoṭa Baiṭhak
d62e32fe-b78c-43af-817c-edb16e6d7ae8,Pigandya,KIR0007,पीगंद्य: ||KIR0007,Pīgaṃdyaḥ (Indrāyaṇī Pīṭha)
d642cefe-408c-4943-9405-b0aebe0d82a1,Amalsi Phalca,KIR4001,अमल्सि फल्चा  || KIR4001,Amalsi Phalcā (early nineteenth century)
d691fdfc-ba4f-4035-b3cf-82e6a6b14169,Fadi Dega,BKT0120,सिलुमहादेव मन्दिर || BKT0120,Silumahādeva Temple
d7817b79-6689-481a-acdf-8956b936acf5,Jhva Baha,KAT0210,झ्वाः बाहाः ।। KAT0210,Jhvāḥ Bāhāḥ
d7c4e686-d20c-4141-9a25-dfc5d3ccab45,Tana Baha,LAL1900,तन बाहाः ।। LAL1900,Tana Bāhāḥ
d7d38dd2-f338-11e9-8649-0242ac130002,Mati Baha,LAL0890,मति बाहा: || LAL0890,Mati Bāhāḥ
d966be8e-e82b-11e9-8bc4-0242ac130002,Kvalakhu Ganesa Sattah,LAL4186,क्वाल्खु गणेश सतः // LAL4186,Kvālkhu Gaṇeśa Sataḥ 
da572af6-f404-11e9-a3c8-0242ac130002,Narayana Temple,LAL0290,नारायण मन्दिर |*| LAL0290,Nārāyaṇa Mandira (ca. 1689 CE)
dacad8ea-e7e1-11e9-b125-0242ac130002,Maharani Fountain,LAL1213,महारानी पुखू ॥ LAL1213,Mahārānī Pukhū (1908 CE)
dad90976-01e3-11ea-8f3c-0242ac130002,Panchavaliyukta Chaitya,SUN0103,पञ्चावलीयुक्त चैत्य || SUN0103,Pañcāvalīyukta Caitya (1863 CE)
db4d5da7-cd79-4f96-b624-d28bdef73274,Patangini Ganesh,KAT1030,पताङ्गिनी गणेश || KAT1030,Patāṅginī Gaṇeśa (supposedly built in 1789 CE)
db4d5da7-cd79-4f96-b624-d28bdef73274,,P-K (103),,
dbacea6d-e4a2-4ac1-93ff-0a0c3323fa97,Tripurasundari Mandira archaeological remains,BTD0060,त्रिपुरसुन्दरी मन्दिर || BTD0060 ,Tripurasundarī Mandira archaeological remains
dbee183c-e72c-11e9-b125-0242ac130002,Jor Ganesh,LAL1750,जोर गणेश मन्दिर || LAL1750,Jora Gaṇeśa Mandira (1682 CE)
dc5306f4-f571-11e9-8649-0242ac130002,Dapha Bhajan Phalca ,LAL4075,दाफा भजन फल्चा || LAL4075,Dāphā Bhajana Phalcā (c. 1650)
dc691a70-2258-11ea-b9b1-0242ac130002,Kulima Phalcha,SUN4226,कुलिम फल्चा || SUN4226,Kulima Phalcā (1810 CE)
dcf4fb94-4f23-4804-967a-f9c7b13910bc,Sorhashraddha Phalcha,LAL4179,सोर्‍हश्राद्ध फल्चा || LAL4179,Sorhaśrāddha Phalcā (built around 1717 CE)
dcfad1e4-d632-11e9-a1bd-0242ac140006,Bahadur Shaha Bhavan,LAL1333,बहादुर शाह भवन || LAL1333,Bahādura Śāha Bhavana (c. 1790 CE)
dcfc4ed2-e74b-11e9-8bc4-0242ac130002,Chyasal Hiti,LAL1600,च्यासः हिटी  || LAL1600,Cyāsaḥ Hiṭī (c. 16th cent. CE)
dd8ad654-e91a-11e9-b125-0242ac130002,Iku Baha,LAL0130,इकु बाहा: || LAL0130,Iku Bāhāḥ 
de276e42-6b9c-11ea-b4c2-0242ac130006,Purnachandi Mandir,LAL0330,पूर्णचण्डी मन्दिर ।। LAL0330 ।।,Pūrṇacaṇḍī Mandira
de276e42-6b9c-11ea-b4c2-0242ac130006,,"Pruscha P-33, p.138",,
df0f0bae-e699-11e9-8bc4-0242ac130002,Haugah Phalca,LAL4121,हौगः फल्चा || LAL4121,Haugaḥ Phalcā (1st half 17th century CE) 
dfb6f035-9e37-4acc-a608-0d3b85d66491,Kuikana Panchadeval,DLK0030,कुइकाना पञ्चदेवल ।। DLK0030,Kuikānā Pañcadevala
e0659b0d-4f7f-4f56-a3ff-09b266dc3518,,KIR4089,कुतिसह फल्चा ||KIR4089,Kutisāḥ Gaṇeśa Phalcā
e0a00834-5fbf-11ea-b4c2-0242ac130006,Dharmadhatujinalaya Caitya,BUN0014,धर्मधातुजिनालय चैत्य || BUN0014,Dharmadhātujinālaya Caitya (1962 CE)
e20b2c0e-e741-11e9-8bc4-0242ac130002,Khapinchen Phalcha,4131,खपिंछेँ फल्चा || LAL4131,Khapiṁchẽ Phalcā (1840 CE)
e2371888-e6b9-11e9-b125-0242ac130002,Trivikram Vishnu,LAL2660,त्रिविक्रम विष्णु || LAL2660,Trivikrama Viṣṇu Mandira (c. 18th cent. CE)
e24051bb-caf5-4479-b3e7-e8252a550661,Shiva Mandir,,शिव मन्दिर ll KIR0078,Śiva Mandira (built between 1442-1768/69 CE)
e273afc4-5fc1-11ea-b4c2-0242ac130006,Dune Baha,LAL0700,दुने बाहा: || LAL0700,Dune Bāhāḥ
e275f09c-d920-492e-a565-dacb55ddc4ae,Hyana Baha,LAL1890,ह्यन बाहा: ।। LAL1890,Hyana Bāhāḥ
e2e7bd8e-e81a-11e9-b125-0242ac130002,Chibaha Nani,LAL1640,चिबाहाः ननि // LAL1640,Cibāhāḥ Nani (1871 CE)
e3074532-e806-11e9-8bc4-0242ac130002,Naka Bahil,LAL0880,नक बही ||LAL0880,Naka Bahī (before 1658 CE)
e333b4f4-6caf-11ea-b4c2-0242ac130006,Ganesh Temple,LAL0840,गणेश मन्दिर || LAL0840,Gaṇeśa Mandira (1662 CE)
e333b4f4-6caf-11ea-b4c2-0242ac130006,,Pruscha P-84,,
e36d8152-e695-11e9-b125-0242ac130002,Nau Baha,LAL2380,नौ बाहा: ||LAL2380,Nau Bāhāḥ at Uku Bāhāḥ (1663 CE)
e4596c18-3c68-424b-ad72-eecd068f1ee9,Saugah Phalca 5,LAL4034,सौगः फल्चा ५ ll LAL4034 ll,Saugaḥ Phalcā 5
e499ec9a-e66e-11e9-8bc4-0242ac130002,Naamasangeeti Phalcha,LAL4006,नामसङ्गीति फल्चा || LAL4006,Nāmasaṅgīti Phalcā (early 18th cent. CE)
e4d19336-e8d3-11e9-b125-0242ac130002,Umamaheshwor Temple,LAL1210,उमामहेश्वर मन्दिर || LAL1210,Umāmaheśvara Mandira (reconstr. after 1934CE)
e4dcd814-3927-11ea-a19a-0242ac130006,Ga Baha,LAL0510,गाः बाहाः || LAL0510,Gāḥ Bāhāḥ (1450 CE?)
e4fe41d3-ce80-44ea-a77d-df8e00c5ea57,Hakatva Bhajan Phalca,LAL4065,हकत्वा: मंका: फल्च ||LAL4065,Hakatvāḥ Bhajana Phalcā
e5618dda-e5f2-11e9-b125-0242ac130002,Jagannath Temple,LAL0111,जगन्नाथ मन्दिर |*| LAL0111,Jagannātha Mandira (c. 16th cent. CE)
e57655fd-5077-44a7-96f2-23039e15b134,Sipkhana Devala,KLK0190,सिप्खना देवल || KLK0190,Sipkhanā Devala (built between thirteenth and fifteenth century)
e5aeceb8-4297-11ea-b44d-0242ac130006,Dharmadhatujinalaya Chaitya,BUN0013,धर्मधातुजिनालय चैत्य || BUN0013,Dharmadhātujinālaya Caitya (1983 CE)
e5d8a76a-e671-11e9-b125-0242ac130002,Bhaishajyabahah Phalcha,LAL4148,भैषज्यबाहा: फल्चा |*| LAL4148,Bhaiṣajyabāhāḥ Phalcā (1878 CE)
e610f418-4d5e-11ea-8083-0242ac130006,,BUN4007,ताहा फल्चा || BUN4007,Tāhā Phalcā
e67206a4-e913-11e9-8bc4-0242ac130002,,LAL0480,सिजः बाहाः || LAL0480,Sijaḥ Bāhāḥ (c. early 17th cent. CE)
e6bb5368-4296-11ea-a19a-0242ac130006,Caitya,BUN0011,चैत्य || BUN0011,Caitya (1944 CE)
e6c73144-fadc-11e9-8649-0242ac130002,Lunche Nani Falcha,LAL4100,लुँछेँ ननि फल्चा ||  LAL4100,Lũchẽ Nani Phalcā (1668 CE)
e6f72884-e774-11e9-b125-0242ac130002,Calakhu Bhairava Phalca,LAL4222,चलखु भैरव फल्चा |*| LAL4222,Calakhu Bhairava Phalcā (c. 1870 CE)
e7151050-eb4e-11e9-b125-0242ac130002,Amitabh Mahamandal Chaitya,LAL0170,अमिताभमहामण्डल चैत्य |*| LAL0170, Amitābhamahāmaṇḍala Caitya (17th cent. CE)
e73522eb-0ce8-4bca-99a2-add0f09eb964,Chibhakhya Chaitya,KAT1000,चिभा:ख्य: चैत्य || KAT1000,Cibhāḥkhyaḥ Caitya
e73fb90e-4a7e-4ec5-b889-774943bba723,Dum Baha,LAL1460,धुम्  बहा: || LAL1460,Dhum Bāhāḥ
e78429eb-76fd-429a-869b-d06884f69467,Hitigaca,KIR0079,हितिगा:चा ll KIR0079,Hitigāḥcā (built during the late Malla Period)
e7ad4210-ca99-11e9-b993-0242ac140002,Dabu Phalca,LAL4109,दबू फल्चा || LAL4109,Dabū Phalcā (1704 CE)
e82b6796-485c-4df1-8a87-31fb7b52abb4,Vijayeshwari,KAT3200,विजयेश्वरी || KAT3200,Vijayeśvarī 
e862d312-eb57-11e9-8bc4-0242ac130002,Guji Baha,LAL2490,गुजि बाहाः || LAL2490,Guji Bāhāḥ (13th cent.)
e95e1763-b6b3-4c0a-a4e1-53b38bc7b043,Lukhusi Bhajana phalcha,LAL4083,लुँखुसि भजन फल्चा  ||LAL4083,Lũkhusi Bhajana Phalcā
e991cf24-3051-11ea-a67f-0242ac130002,Devraj Baha,LAL0460,देवराज बाहाः || LAL0460,Devarāja Bāhāḥ (1902 CE)
eb386850-e4f3-11e9-b125-0242ac130002,Suryavinayak Temple,LAL0251,सूर्यविनायक मन्दिर | LAL0251,Sūryavināyaka Mandira (1713 CE)
eb54e4f6-e4e6-11e9-b125-0242ac130002,Guita Phalca 2,LAL4002,गुइतः फल्चा २ || LAL4002,Guitaḥ Phalcā 2 
ebab7d45-3764-4565-8468-5b6228068d73,Narayana pillars,DLK0040,नारायण (चार) खम्ब ।। DLK0040,Nārāyaṇa pillars
ec53aef0-70f0-11ea-b99f-0242ac130006,Ugracandi,LAL0600,उग्रचण्डी (तमक:द्य:) || LAL0600,Ugracaṇḍī
ec58b581-a7d0-4a3c-a45d-a7a83107b3d1,Khasi Tulasi Devala,KIR0027,खा:सि तुलसी देवल ||KIR0027,Kāḥsī Tulasī Devala (built in 1718 CE)
ec8d43e6-bcd6-4904-b80e-436fcc0bfcea,Lvaha Dega,KIR-0003,ल्वहं देग: ll KIR0003,Lvaṃha Degaḥ (1664 CE)
ecd19c3d-9488-4859-83b4-482e26daa713,Tujhva Phalca,KIR4003,तुंझ्व: फल्चा  २ || KIR4003,Tuṃjhvaḥ Gaṇeśa Phalcā (first half of 17th cent. CE)
ece92710-65d8-47be-b6bf-126099f3d742,Tyaga Phlaca,LAL4067,त्याग: फल्चा ४ || LAL4067,Tyāgaḥ Phalcā 4 (c. 1760 CE)
ee6be98a-0ace-4c06-bb8c-a47c941fced7,Guita Ganesh Mandir,LAL2040,गुइत: गणेश मन्दिर ।। LAL2040,Guitaḥ Gaṇeśa Mandira
eed34321-7e6d-44a6-840f-68589d631b8b,Sarasvati Mandira,KAT1240,सरस्वती ननि || KAT1240,Sarasvatī Nani
ef590bc6-cbf6-4903-a8ad-37a529030f6f,Vasa Hiti,LAL0994,वास: हिति || LAL0994,Vāsaḥ Hiti
ef7069e0-9e23-4cb6-8af4-b5220d7197b0,Dolan Maju, LAL2820 ,दोलँ माजु || LAL2820 ,Dolã Māju 
ef7069e0-9e23-4cb6-8af4-b5220d7197b0,,P-282,,
effa4b2e-069a-11ea-8a1c-0242ac130002,Chusikanani Phalca,LAL4027,छुसिकाननि फल्चा || LAL4027,Chusikānani Phalcā (1844 CE)
f0ef1474-eb56-11e9-b125-0242ac130002,Balkrishneshwor Temple,KAT2607,बालकृष्णेश्वर मन्दिर || KAT2607,Bālakṛṣṇeśvara Mandira (1712 CE) 
f12a1f58-ca48-11e9-b993-0242ac140002,Bhukampa Smarak,LAL1364,भूकम्प स्मारक |*| LAL1364,Bhūkampa Smāraka (1941 CE)
f17e763a-e815-11e9-b125-0242ac130002,Ghana Baha,LAL2330,घन बाहाः || LAL2330,Ghana Bāhāḥ (ca. 1840 CE)
f1dcfeda-d07d-11e9-8411-0242ac140006,Sikucha Baha,LAL2550,सिकुचा बाहा: || LAL2550,Sikucā Bāhāḥ (ca. mid-17th cent. CE)
f1f7e39a-cb04-11e9-b993-0242ac140002,Guita Chaitya 2,LAL2020,गुइत: चैत्य २ || LAL2020,Guitaḥ Caitya 2
f2154aee-e656-11e9-b125-0242ac130002,Kani Baha,LAL2240,कनि बाहाः ॥ LAL2240,Kani Bāhāḥ at Oku Bāhāḥ (1702 CE)
f26daa2c-d0cf-44c1-beb6-93d190d93e10,Karunamaya Mandira,BAL0009,करुणामय मन्दिर ll BAL0009 ll,Karuṇāmaya Mandira
f2ae29a4-e92a-11e9-b125-0242ac130002,Nhu Baha,LAL2320,न्हू बाहाः ॥ LAL2320,Nhū Bāhāḥ (early 17th cent. CE)
f2e86f2f-a0eb-4fe8-b090-0677d63bdc5f,Siddhi Baha,LAL2480 ,सिद्धि बाहा: || LAL2480,Siddhi Bāhāḥ (1938 CE)
f2e86f2f-a0eb-4fe8-b090-0677d63bdc5f,,P-248,,
f360c428-f18c-11e9-8649-0242ac130002,Kvatha Baha,LAL0660,क्वाथ बाहा: || LAL0660,Kvātha Bāhāḥ
f3be59cc-e6a0-11e9-8bc4-0242ac130002,Bhasmeshwor Temple,LAL1211,भस्मेश्वर मन्दिर || LAL1211,Bhasmeśvara Mandira (late Malla period)
f3e7c4ba-cad8-4f46-97ab-af7388f9a744,Shambhunath Temple,KLK0130,शम्भुनाथ मन्दिर || KLK0130,Śambhunātha Mandira
f40297a8-5fc8-11ea-b4c2-0242ac130006,Caitya,BUN0017,चैत्य || BUN0017,Caitya (1964 CE)
f5665e6f-bda0-4b92-8c79-f5f68e11c896,Kusi Baha,KIR0018,कुसि बाहा:||KIR0018,Kusi Bāhāḥ (ca. 17th-18th Cen.)
f6968910-e8f0-11e9-b125-0242ac130002,Buramam Vaidya Baha,LAL1630,बुरमां वैद्य बाहाः || LAL1630,Buramāṃ Vaidya Bāhāḥ (1866 CE)
f7773bd2-1f14-4d59-890c-52b8d6bee5ae,Sauga Phalca - 4,LAL4033,सौगः फल्चा ४ || LAL4033,Saugaḥ Phalcā 4
f7f45a9a-350f-49bb-ae23-647492f2c434,,MUS0200,लो गेकर् || MUS0200,Lo Gekar (8th cent.)
f8366c56-539c-11ea-b4c2-0242ac130006,Basimali Phalca ,,बासिमलि फल्चा || BUN4005 ,Bāsimali Phalcā (1868 CE) 
f8a2590f-ed13-4cab-b2e4-b8049f306f3e,Jaharkota sikhara,DLK0090,जाहारकोट शिखर || DLK0090,Jāhārkoṭa Śikhara Devala (from ca. 13th-15th cent.)
f96c7cf2-e923-11e9-b125-0242ac130002,Narayan Temple,LAL1720,गजेन्द्रमोक्ष नारायण मन्दिर || LAL1720,Gajendramokṣa Nārāyaṇa Mandira (1576 CE)
f99b4e0e-6215-11ea-b4c2-0242ac130006,Chaya Bahacha,LAL0740,छाय बाहाःचा || LAL0740,Chāya Bāhāḥcā (1659 CE) 
f99c8d9c-baae-49b1-87f7-95f8e9003d90,Rara Temple and Fountain,MUG0100,रारा मन्डिर र हिटि || MUG0100,Rārā Temple and Fountain (14th-15th cent. CE)
f9cdfd48-e837-11e9-b125-0242ac130002,Nasah Phalca,LAL4161,नास: फल्चा || LAL4161,Nāsaḥ Phalcā
fb356352-3c14-11ea-a19a-0242ac130006,Dattatreya Temple,LAL1760,दत्तात्रेय मन्दिर || LAL1760,Dattātreya Mandira
fbe267a8-f346-11e9-8649-0242ac130002,Ikhalakhu Baha,LAL0081,इखालखु बाहा: || LAL0081,Ikhālakhu Bāhāḥ
fc1db1e6-4fae-4899-816a-e3c4d3da77d4,Misa Hiti,LAL1051,मिसा हिति ।। LAL1051,Misā Hiti (probably built during the Licchavi period)
fc956312-ffca-4808-9e3d-d10d0f423e37,Bugadyah Chariot,LAL0041,||बुङ्गद्यः रथ || LAL0041,Buṅgadyaḥ Chariot
fcae3dbe-e8ac-11e9-b125-0242ac130002,Na Baha,LAL2620,नः बाहाः ||LAL2620,Naḥ Bāhāḥ at Cāka Bāhāḥ
fdb33072-2257-11ea-b82d-0242ac130002,Dharmadhatujinalaya Chaitya,BUN0028,धर्मधातुजिनालय चैत्य || BUN0028,Dharmadhātujinālaya Caitya
fe209a6f-0543-4c9d-96d6-d5bbb307c227,Saga Manda Phalca,KIR4056,सा:ग: मन्द: फल्चा ll KIR4056,Sāḥgaḥ Mandaḥ Phalcā (built in 1750 CE)
fe6ac976-a5a9-433d-96fa-23480b8ce6ba,Gonpa Gang,MUS0100,|| MUS0100,Gönpa Gang (1684-96 CE)
fe81f05f-963f-4b0b-a5cd-e29d4c7920a8,Mahalaksmi Mandira,THK0010,महालक्ष्मी मन्दिर ||THK0010 ,Mahālakṣmī Mandira
fecc17c8-e678-11e9-b125-0242ac130002,Khachhen Baha,LAL0900,खाछेँ बाहा: || LAL0900,Khāchẽ Bāhāḥ (1801 CE)
ff0d1c8e-ec6c-4946-b5b6-144827f3bdbc,Jagadishvara Shivalaya,LAL1500,जगदीश्वर शिवालय ।। LAL1500,Jagadīśvara Śivālaya
ff7398f9-1bb2-4e4e-ba9b-c985565f74a7,Narayan Temple ,KIR0005,नारायण मन्दिर ll KIR0005,Nārāyaṇa Mandira (ca. 1585 CE)
